[2025-10-21 00:00:01] Triggering Vaultwarden in-container backup
[INFO] Using saved config from `data/config.json` for configuration.

[WARNING] The following environment variables are being overridden by the config.json file.
[WARNING] Please use the admin panel to make changes to them:
[WARNING] DOMAIN, ADMIN_TOKEN

[NOTICE] You are using a plain text `ADMIN_TOKEN` which is insecure.
Please generate a secure Argon2 PHC string by using `vaultwarden hash` or `argon2`.
See: https://github.com/dani-garcia/vaultwarden/wiki/Enabling-admin-page#secure-the-admin_token

Backup to 'data/db_20251020_170001.sqlite3' was successful
[2025-10-21 00:00:01] Detected 1 new backup artefact(s)
[2025-10-21 00:00:01] Copying db_20251020_170001.sqlite3 to local backup dir
[2025-10-21 00:00:01] Archiving /mnt/ssd/nas/bitwarden-data/vaultwarden -> vaultwarden-data_20251021_000001.tar.gz
[2025-10-21 00:00:02] Pruning local backups older than 7 day(s)
[2025-10-21 00:00:02] Running remote sync command
[2025-10-21 00:00:02] Authenticating with service account
Activated service account credentials for: [gcs-782@home-server-475704.iam.gserviceaccount.com]
[2025-10-21 00:00:03] Uploading /home/shampad/Desktop/projects/bitwarden-password-manager/backups/vaultwarden-data_20251021_000001.tar.gz to gs://home-server-ss/bitwarden-backups/vaultwarden-data_20251021_000001.tar.gz
Copying file:///home/shampad/Desktop/projects/bitwarden-password-manager/backups/vaultwarden-data_20251021_000001.tar.gz to gs://home-server-ss/bitwarden-backups/vaultwarden-data_20251021_000001.tar.gz
  
.....
[2025-10-21 00:00:06] Upload successful
[2025-10-21 00:00:06] Checking backups for cleanup (retention: 7 days)
[2025-10-21 00:00:07] Total backups in GCS: 2
[2025-10-21 00:00:07] Skipping cleanup: Only 2 backups exist (need more than 7 to clean up)
[2025-10-21 00:00:07] Backup routine completed successfully
[2025-10-22 00:00:01] Triggering Vaultwarden in-container backup
[INFO] Using saved config from `data/config.json` for configuration.

[WARNING] The following environment variables are being overridden by the config.json file.
[WARNING] Please use the admin panel to make changes to them:
[WARNING] DOMAIN, ADMIN_TOKEN

[NOTICE] You are using a plain text `ADMIN_TOKEN` which is insecure.
Please generate a secure Argon2 PHC string by using `vaultwarden hash` or `argon2`.
See: https://github.com/dani-garcia/vaultwarden/wiki/Enabling-admin-page#secure-the-admin_token

Backup to 'data/db_20251021_170001.sqlite3' was successful
[2025-10-22 00:00:01] Detected 1 new backup artefact(s)
[2025-10-22 00:00:01] Copying db_20251021_170001.sqlite3 to local backup dir
[2025-10-22 00:00:01] Archiving /mnt/ssd/nas/bitwarden-data/vaultwarden -> vaultwarden-data_20251022_000001.tar.gz
[2025-10-22 00:00:02] Pruning local backups older than 7 day(s)
[2025-10-22 00:00:02] Running remote sync command
[2025-10-22 00:00:02] Authenticating with service account
Activated service account credentials for: [gcs-782@home-server-475704.iam.gserviceaccount.com]
[2025-10-22 00:00:03] Uploading /home/shampad/Desktop/projects/bitwarden-password-manager/backups/vaultwarden-data_20251022_000001.tar.gz to gs://home-server-ss/bitwarden-backups/vaultwarden-data_20251022_000001.tar.gz
Copying file:///home/shampad/Desktop/projects/bitwarden-password-manager/backups/vaultwarden-data_20251022_000001.tar.gz to gs://home-server-ss/bitwarden-backups/vaultwarden-data_20251022_000001.tar.gz
  
.....
[2025-10-22 00:00:06] Upload successful
[2025-10-22 00:00:06] Checking backups for cleanup (retention: 7 days)
[2025-10-22 00:00:07] Total backups in GCS: 3
[2025-10-22 00:00:07] Skipping cleanup: Only 3 backups exist (need more than 7 to clean up)
[2025-10-22 00:00:07] Backup routine completed successfully
[2025-10-23 00:00:01] Triggering Vaultwarden in-container backup
[INFO] Using saved config from `data/config.json` for configuration.

[WARNING] The following environment variables are being overridden by the config.json file.
[WARNING] Please use the admin panel to make changes to them:
[WARNING] DOMAIN, ADMIN_TOKEN

[NOTICE] You are using a plain text `ADMIN_TOKEN` which is insecure.
Please generate a secure Argon2 PHC string by using `vaultwarden hash` or `argon2`.
See: https://github.com/dani-garcia/vaultwarden/wiki/Enabling-admin-page#secure-the-admin_token

Backup to 'data/db_20251022_170001.sqlite3' was successful
[2025-10-23 00:00:01] Detected 1 new backup artefact(s)
[2025-10-23 00:00:01] Copying db_20251022_170001.sqlite3 to local backup dir
[2025-10-23 00:00:01] Archiving /mnt/ssd/nas/bitwarden-data/vaultwarden -> vaultwarden-data_20251023_000001.tar.gz
[2025-10-23 00:00:02] Pruning local backups older than 7 day(s)
[2025-10-23 00:00:02] Running remote sync command
[2025-10-23 00:00:02] Authenticating with service account
Activated service account credentials for: [gcs-782@home-server-475704.iam.gserviceaccount.com]
[2025-10-23 00:00:03] Uploading /home/shampad/Desktop/projects/bitwarden-password-manager/backups/vaultwarden-data_20251023_000001.tar.gz to gs://home-server-ss/bitwarden-backups/vaultwarden-data_20251023_000001.tar.gz
Copying file:///home/shampad/Desktop/projects/bitwarden-password-manager/backups/vaultwarden-data_20251023_000001.tar.gz to gs://home-server-ss/bitwarden-backups/vaultwarden-data_20251023_000001.tar.gz
  
.....
[2025-10-23 00:00:06] Upload successful
[2025-10-23 00:00:06] Checking backups for cleanup (retention: 7 days)
[2025-10-23 00:00:07] Total backups in GCS: 4
[2025-10-23 00:00:07] Skipping cleanup: Only 4 backups exist (need more than 7 to clean up)
[2025-10-23 00:00:07] Backup routine completed successfully
[2025-10-24 00:00:01] Triggering Vaultwarden in-container backup
[INFO] Using saved config from `data/config.json` for configuration.

[WARNING] The following environment variables are being overridden by the config.json file.
[WARNING] Please use the admin panel to make changes to them:
[WARNING] DOMAIN, ADMIN_TOKEN

[NOTICE] You are using a plain text `ADMIN_TOKEN` which is insecure.
Please generate a secure Argon2 PHC string by using `vaultwarden hash` or `argon2`.
See: https://github.com/dani-garcia/vaultwarden/wiki/Enabling-admin-page#secure-the-admin_token

Backup to 'data/db_20251023_170001.sqlite3' was successful
[2025-10-24 00:00:01] Detected 1 new backup artefact(s)
[2025-10-24 00:00:01] Copying db_20251023_170001.sqlite3 to local backup dir
[2025-10-24 00:00:01] Archiving /mnt/ssd/nas/bitwarden-data/vaultwarden -> vaultwarden-data_20251024_000001.tar.gz
[2025-10-24 00:00:02] Pruning local backups older than 7 day(s)
[2025-10-24 00:00:02] Running remote sync command
[2025-10-24 00:00:02] Authenticating with service account
Activated service account credentials for: [gcs-782@home-server-475704.iam.gserviceaccount.com]
[2025-10-24 00:00:03] Uploading /home/shampad/Desktop/projects/bitwarden-password-manager/backups/vaultwarden-data_20251024_000001.tar.gz to gs://home-server-ss/bitwarden-backups/vaultwarden-data_20251024_000001.tar.gz
Copying file:///home/shampad/Desktop/projects/bitwarden-password-manager/backups/vaultwarden-data_20251024_000001.tar.gz to gs://home-server-ss/bitwarden-backups/vaultwarden-data_20251024_000001.tar.gz
  
.......
[2025-10-24 00:00:06] Upload successful
[2025-10-24 00:00:06] Checking backups for cleanup (retention: 7 days)
[2025-10-24 00:00:07] Total backups in GCS: 6
[2025-10-24 00:00:07] Skipping cleanup: Only 6 backups exist (need more than 7 to clean up)
[2025-10-24 00:00:07] Backup routine completed successfully
[2025-10-25 00:00:01] Triggering Vaultwarden in-container backup
[INFO] Using saved config from `data/config.json` for configuration.

[WARNING] The following environment variables are being overridden by the config.json file.
[WARNING] Please use the admin panel to make changes to them:
[WARNING] DOMAIN, ADMIN_TOKEN

[NOTICE] You are using a plain text `ADMIN_TOKEN` which is insecure.
Please generate a secure Argon2 PHC string by using `vaultwarden hash` or `argon2`.
See: https://github.com/dani-garcia/vaultwarden/wiki/Enabling-admin-page#secure-the-admin_token

Backup to 'data/db_20251024_170001.sqlite3' was successful
[2025-10-25 00:00:01] Detected 1 new backup artefact(s)
[2025-10-25 00:00:01] Copying db_20251024_170001.sqlite3 to local backup dir
[2025-10-25 00:00:01] Archiving /mnt/ssd/nas/bitwarden-data/vaultwarden -> vaultwarden-data_20251025_000001.tar.gz
[2025-10-25 00:00:02] Pruning local backups older than 7 day(s)
[2025-10-25 00:00:02] Running remote sync command
[2025-10-25 00:00:02] Authenticating with service account
Activated service account credentials for: [gcs-782@home-server-475704.iam.gserviceaccount.com]
[2025-10-25 00:00:03] Uploading /home/shampad/Desktop/projects/bitwarden-password-manager/backups/vaultwarden-data_20251025_000001.tar.gz to gs://home-server-ss/bitwarden-backups/vaultwarden-data_20251025_000001.tar.gz
Copying file:///home/shampad/Desktop/projects/bitwarden-password-manager/backups/vaultwarden-data_20251025_000001.tar.gz to gs://home-server-ss/bitwarden-backups/vaultwarden-data_20251025_000001.tar.gz
  
.....
[2025-10-25 00:00:06] Upload successful
[2025-10-25 00:00:06] Checking backups for cleanup (retention: 7 days)
[2025-10-25 00:00:08] Total backups in GCS: 7
[2025-10-25 00:00:08] Skipping cleanup: Only 7 backups exist (need more than 7 to clean up)
[2025-10-25 00:00:08] Backup routine completed successfully
[2025-10-26 00:00:01] Triggering Vaultwarden in-container backup
[INFO] Using saved config from `data/config.json` for configuration.

[WARNING] The following environment variables are being overridden by the config.json file.
[WARNING] Please use the admin panel to make changes to them:
[WARNING] DOMAIN, ADMIN_TOKEN

[NOTICE] You are using a plain text `ADMIN_TOKEN` which is insecure.
Please generate a secure Argon2 PHC string by using `vaultwarden hash` or `argon2`.
See: https://github.com/dani-garcia/vaultwarden/wiki/Enabling-admin-page#secure-the-admin_token

Backup to 'data/db_20251025_170001.sqlite3' was successful
[2025-10-26 00:00:01] Detected 1 new backup artefact(s)
[2025-10-26 00:00:01] Copying db_20251025_170001.sqlite3 to local backup dir
[2025-10-26 00:00:01] Archiving /mnt/ssd/nas/bitwarden-data/vaultwarden -> vaultwarden-data_20251026_000001.tar.gz
[2025-10-26 00:00:02] Pruning local backups older than 7 day(s)
[2025-10-26 00:00:02] Running remote sync command
[2025-10-26 00:00:02] Authenticating with service account
Activated service account credentials for: [gcs-782@home-server-475704.iam.gserviceaccount.com]
[2025-10-26 00:00:03] Uploading /home/shampad/Desktop/projects/bitwarden-password-manager/backups/vaultwarden-data_20251026_000001.tar.gz to gs://home-server-ss/bitwarden-backups/vaultwarden-data_20251026_000001.tar.gz
Copying file:///home/shampad/Desktop/projects/bitwarden-password-manager/backups/vaultwarden-data_20251026_000001.tar.gz to gs://home-server-ss/bitwarden-backups/vaultwarden-data_20251026_000001.tar.gz
  
.....
[2025-10-26 00:00:06] Upload successful
[2025-10-26 00:00:06] Checking backups for cleanup (retention: 7 days)
[2025-10-26 00:00:07] Total backups in GCS: 9
[2025-10-26 00:00:07] Cleaning up backups older than 7 days
[2025-10-26 00:00:09] Backup routine completed successfully
[2025-10-27 00:00:01] Triggering Vaultwarden in-container backup
[INFO] Using saved config from `data/config.json` for configuration.

[WARNING] The following environment variables are being overridden by the config.json file.
[WARNING] Please use the admin panel to make changes to them:
[WARNING] DOMAIN, ADMIN_TOKEN

[NOTICE] You are using a plain text `ADMIN_TOKEN` which is insecure.
Please generate a secure Argon2 PHC string by using `vaultwarden hash` or `argon2`.
See: https://github.com/dani-garcia/vaultwarden/wiki/Enabling-admin-page#secure-the-admin_token

Backup to 'data/db_20251026_170001.sqlite3' was successful
[2025-10-27 00:00:01] Detected 1 new backup artefact(s)
[2025-10-27 00:00:01] Copying db_20251026_170001.sqlite3 to local backup dir
[2025-10-27 00:00:01] Archiving /mnt/ssd/nas/bitwarden-data/vaultwarden -> vaultwarden-data_20251027_000001.tar.gz
[2025-10-27 00:00:02] Pruning local backups older than 7 day(s)
[2025-10-27 00:00:02] Running remote sync command
[2025-10-27 00:00:02] Authenticating with service account
Activated service account credentials for: [gcs-782@home-server-475704.iam.gserviceaccount.com]
[2025-10-27 00:00:03] Uploading /home/shampad/Desktop/projects/bitwarden-password-manager/backups/vaultwarden-data_20251027_000001.tar.gz to gs://home-server-ss/bitwarden-backups/vaultwarden-data_20251027_000001.tar.gz
Copying file:///home/shampad/Desktop/projects/bitwarden-password-manager/backups/vaultwarden-data_20251027_000001.tar.gz to gs://home-server-ss/bitwarden-backups/vaultwarden-data_20251027_000001.tar.gz
  
.....
[2025-10-27 00:00:06] Upload successful
[2025-10-27 00:00:06] Checking backups for cleanup (retention: 7 days)
[2025-10-27 00:00:07] Total backups in GCS: 10
[2025-10-27 00:00:07] Cleaning up backups older than 7 days
[2025-10-27 00:00:09] Backup routine completed successfully
[2025-10-28 00:00:01] Triggering Vaultwarden in-container backup
[INFO] Using saved config from `data/config.json` for configuration.

[WARNING] The following environment variables are being overridden by the config.json file.
[WARNING] Please use the admin panel to make changes to them:
[WARNING] DOMAIN, ADMIN_TOKEN

[NOTICE] You are using a plain text `ADMIN_TOKEN` which is insecure.
Please generate a secure Argon2 PHC string by using `vaultwarden hash` or `argon2`.
See: https://github.com/dani-garcia/vaultwarden/wiki/Enabling-admin-page#secure-the-admin_token

Backup to 'data/db_20251027_170001.sqlite3' was successful
[2025-10-28 00:00:01] Detected 1 new backup artefact(s)
[2025-10-28 00:00:01] Copying db_20251027_170001.sqlite3 to local backup dir
[2025-10-28 00:00:01] Archiving /mnt/ssd/nas/bitwarden-data/vaultwarden -> vaultwarden-data_20251028_000001.tar.gz
[2025-10-28 00:00:02] Pruning local backups older than 7 day(s)
[2025-10-28 00:00:02] Running remote sync command
[2025-10-28 00:00:02] Authenticating with service account
Activated service account credentials for: [gcs-782@home-server-475704.iam.gserviceaccount.com]
[2025-10-28 00:00:03] Uploading /home/shampad/Desktop/projects/bitwarden-password-manager/backups/vaultwarden-data_20251028_000001.tar.gz to gs://home-server-ss/bitwarden-backups/vaultwarden-data_20251028_000001.tar.gz
Copying file:///home/shampad/Desktop/projects/bitwarden-password-manager/backups/vaultwarden-data_20251028_000001.tar.gz to gs://home-server-ss/bitwarden-backups/vaultwarden-data_20251028_000001.tar.gz
  
.....
[2025-10-28 00:00:06] Upload successful
[2025-10-28 00:00:06] Checking backups for cleanup (retention: 7 days)
[2025-10-28 00:00:07] Total backups in GCS: 11
[2025-10-28 00:00:07] Cleaning up backups older than 7 days
[2025-10-28 00:00:09] Backup routine completed successfully
[2025-10-29 00:00:01] Triggering Vaultwarden in-container backup
[INFO] Using saved config from `data/config.json` for configuration.

[WARNING] The following environment variables are being overridden by the config.json file.
[WARNING] Please use the admin panel to make changes to them:
[WARNING] DOMAIN, ADMIN_TOKEN

[NOTICE] You are using a plain text `ADMIN_TOKEN` which is insecure.
Please generate a secure Argon2 PHC string by using `vaultwarden hash` or `argon2`.
See: https://github.com/dani-garcia/vaultwarden/wiki/Enabling-admin-page#secure-the-admin_token

Backup to 'data/db_20251028_170001.sqlite3' was successful
[2025-10-29 00:00:01] Detected 1 new backup artefact(s)
[2025-10-29 00:00:01] Copying db_20251028_170001.sqlite3 to local backup dir
[2025-10-29 00:00:01] Archiving /mnt/ssd/nas/bitwarden-data/vaultwarden -> vaultwarden-data_20251029_000001.tar.gz
[2025-10-29 00:00:02] Pruning local backups older than 7 day(s)
/home/shampad/Desktop/projects/bitwarden-password-manager/backups/vaultwarden-data_20251020_125438.tar.gz
/home/shampad/Desktop/projects/bitwarden-password-manager/backups/vaultwarden-data_20251021_000001.tar.gz
[2025-10-29 00:00:02] Running remote sync command
[2025-10-29 00:00:03] Authenticating with service account
Activated service account credentials for: [gcs-782@home-server-475704.iam.gserviceaccount.com]
[2025-10-29 00:00:04] Uploading /home/shampad/Desktop/projects/bitwarden-password-manager/backups/vaultwarden-data_20251029_000001.tar.gz to gs://home-server-ss/bitwarden-backups/vaultwarden-data_20251029_000001.tar.gz
Copying file:///home/shampad/Desktop/projects/bitwarden-password-manager/backups/vaultwarden-data_20251029_000001.tar.gz to gs://home-server-ss/bitwarden-backups/vaultwarden-data_20251029_000001.tar.gz
  
.....
[2025-10-29 00:00:06] Upload successful
[2025-10-29 00:00:06] Checking backups for cleanup (retention: 7 days)
[2025-10-29 00:00:08] Total backups in GCS: 12
[2025-10-29 00:00:08] Cleaning up backups older than 7 days
[2025-10-29 00:00:09] Backup routine completed successfully
[2025-10-30 00:00:01] Triggering Vaultwarden in-container backup
[INFO] Using saved config from `data/config.json` for configuration.

[WARNING] The following environment variables are being overridden by the config.json file.
[WARNING] Please use the admin panel to make changes to them:
[WARNING] DOMAIN, ADMIN_TOKEN

[NOTICE] You are using a plain text `ADMIN_TOKEN` which is insecure.
Please generate a secure Argon2 PHC string by using `vaultwarden hash` or `argon2`.
See: https://github.com/dani-garcia/vaultwarden/wiki/Enabling-admin-page#secure-the-admin_token

Backup to 'data/db_20251029_170001.sqlite3' was successful
[2025-10-30 00:00:01] Detected 1 new backup artefact(s)
[2025-10-30 00:00:01] Copying db_20251029_170001.sqlite3 to local backup dir
[2025-10-30 00:00:01] Archiving /mnt/ssd/nas/bitwarden-data/vaultwarden -> vaultwarden-data_20251030_000001.tar.gz
[2025-10-30 00:00:02] Pruning local backups older than 7 day(s)
/home/shampad/Desktop/projects/bitwarden-password-manager/backups/vaultwarden-data_20251022_000001.tar.gz
[2025-10-30 00:00:02] Running remote sync command
[2025-10-30 00:00:02] Authenticating with service account
Activated service account credentials for: [gcs-782@home-server-475704.iam.gserviceaccount.com]
[2025-10-30 00:00:04] Uploading /home/shampad/Desktop/projects/bitwarden-password-manager/backups/vaultwarden-data_20251030_000001.tar.gz to gs://home-server-ss/bitwarden-backups/vaultwarden-data_20251030_000001.tar.gz
Copying file:///home/shampad/Desktop/projects/bitwarden-password-manager/backups/vaultwarden-data_20251030_000001.tar.gz to gs://home-server-ss/bitwarden-backups/vaultwarden-data_20251030_000001.tar.gz
  
.....
[2025-10-30 00:00:06] Upload successful
[2025-10-30 00:00:06] Checking backups for cleanup (retention: 7 days)
[2025-10-30 00:00:08] Total backups in GCS: 13
[2025-10-30 00:00:08] Cleaning up backups older than 7 days
[2025-10-30 00:00:09] Backup routine completed successfully
[2025-10-31 00:00:01] Triggering Vaultwarden in-container backup
[INFO] Using saved config from `data/config.json` for configuration.

[WARNING] The following environment variables are being overridden by the config.json file.
[WARNING] Please use the admin panel to make changes to them:
[WARNING] DOMAIN, ADMIN_TOKEN

[NOTICE] You are using a plain text `ADMIN_TOKEN` which is insecure.
Please generate a secure Argon2 PHC string by using `vaultwarden hash` or `argon2`.
See: https://github.com/dani-garcia/vaultwarden/wiki/Enabling-admin-page#secure-the-admin_token

Backup to 'data/db_20251030_170001.sqlite3' was successful
[2025-10-31 00:00:01] Detected 1 new backup artefact(s)
[2025-10-31 00:00:01] Copying db_20251030_170001.sqlite3 to local backup dir
[2025-10-31 00:00:01] Archiving /mnt/ssd/nas/bitwarden-data/vaultwarden -> vaultwarden-data_20251031_000001.tar.gz
[2025-10-31 00:00:02] Pruning local backups older than 7 day(s)
/home/shampad/Desktop/projects/bitwarden-password-manager/backups/vaultwarden-data_20251023_000001.tar.gz
[2025-10-31 00:00:02] Running remote sync command
[2025-10-31 00:00:02] Authenticating with service account
Activated service account credentials for: [gcs-782@home-server-475704.iam.gserviceaccount.com]
[2025-10-31 00:00:03] Uploading /home/shampad/Desktop/projects/bitwarden-password-manager/backups/vaultwarden-data_20251031_000001.tar.gz to gs://home-server-ss/bitwarden-backups/vaultwarden-data_20251031_000001.tar.gz
Copying file:///home/shampad/Desktop/projects/bitwarden-password-manager/backups/vaultwarden-data_20251031_000001.tar.gz to gs://home-server-ss/bitwarden-backups/vaultwarden-data_20251031_000001.tar.gz
  
.....
[2025-10-31 00:00:06] Upload successful
[2025-10-31 00:00:06] Checking backups for cleanup (retention: 7 days)
[2025-10-31 00:00:08] Total backups in GCS: 14
[2025-10-31 00:00:08] Cleaning up backups older than 7 days
[2025-10-31 00:00:09] Backup routine completed successfully
[2025-11-01 00:00:01] Triggering Vaultwarden in-container backup
[INFO] Using saved config from `data/config.json` for configuration.

[WARNING] The following environment variables are being overridden by the config.json file.
[WARNING] Please use the admin panel to make changes to them:
[WARNING] DOMAIN, ADMIN_TOKEN

[NOTICE] You are using a plain text `ADMIN_TOKEN` which is insecure.
Please generate a secure Argon2 PHC string by using `vaultwarden hash` or `argon2`.
See: https://github.com/dani-garcia/vaultwarden/wiki/Enabling-admin-page#secure-the-admin_token

Backup to 'data/db_20251031_170001.sqlite3' was successful
[2025-11-01 00:00:01] Detected 1 new backup artefact(s)
[2025-11-01 00:00:01] Copying db_20251031_170001.sqlite3 to local backup dir
[2025-11-01 00:00:01] Archiving /mnt/ssd/nas/bitwarden-data/vaultwarden -> vaultwarden-data_20251101_000001.tar.gz
[2025-11-01 00:00:02] Pruning local backups older than 7 day(s)
/home/shampad/Desktop/projects/bitwarden-password-manager/backups/vaultwarden-data_20251023_145326.tar.gz
/home/shampad/Desktop/projects/bitwarden-password-manager/backups/vaultwarden-data_20251024_000001.tar.gz
[2025-11-01 00:00:02] Running remote sync command
[2025-11-01 00:00:02] Authenticating with service account
Activated service account credentials for: [gcs-782@home-server-475704.iam.gserviceaccount.com]
[2025-11-01 00:00:04] Uploading /home/shampad/Desktop/projects/bitwarden-password-manager/backups/vaultwarden-data_20251101_000001.tar.gz to gs://home-server-ss/bitwarden-backups/vaultwarden-data_20251101_000001.tar.gz
Copying file:///home/shampad/Desktop/projects/bitwarden-password-manager/backups/vaultwarden-data_20251101_000001.tar.gz to gs://home-server-ss/bitwarden-backups/vaultwarden-data_20251101_000001.tar.gz
  
.....
[2025-11-01 00:00:06] Upload successful
[2025-11-01 00:00:06] Checking backups for cleanup (retention: 7 days)
[2025-11-01 00:00:08] Total backups in GCS: 15
[2025-11-01 00:00:08] Cleaning up backups older than 7 days
[2025-11-01 00:00:09] Backup routine completed successfully
[2025-11-02 00:00:01] Triggering Vaultwarden in-container backup
[INFO] Using saved config from `data/config.json` for configuration.

[WARNING] The following environment variables are being overridden by the config.json file.
[WARNING] Please use the admin panel to make changes to them:
[WARNING] DOMAIN, ADMIN_TOKEN

[NOTICE] You are using a plain text `ADMIN_TOKEN` which is insecure.
Please generate a secure Argon2 PHC string by using `vaultwarden hash` or `argon2`.
See: https://github.com/dani-garcia/vaultwarden/wiki/Enabling-admin-page#secure-the-admin_token

Backup to 'data/db_20251101_170001.sqlite3' was successful
[2025-11-02 00:00:01] Detected 1 new backup artefact(s)
[2025-11-02 00:00:01] Copying db_20251101_170001.sqlite3 to local backup dir
[2025-11-02 00:00:01] Archiving /mnt/ssd/nas/bitwarden-data/vaultwarden -> vaultwarden-data_20251102_000001.tar.gz
[2025-11-02 00:00:02] Pruning local backups older than 7 day(s)
/home/shampad/Desktop/projects/bitwarden-password-manager/backups/vaultwarden-data_20251025_000001.tar.gz
[2025-11-02 00:00:02] Running remote sync command
[2025-11-02 00:00:03] Authenticating with service account
Activated service account credentials for: [gcs-782@home-server-475704.iam.gserviceaccount.com]
[2025-11-02 00:00:04] Uploading /home/shampad/Desktop/projects/bitwarden-password-manager/backups/vaultwarden-data_20251102_000001.tar.gz to gs://home-server-ss/bitwarden-backups/vaultwarden-data_20251102_000001.tar.gz
Copying file:///home/shampad/Desktop/projects/bitwarden-password-manager/backups/vaultwarden-data_20251102_000001.tar.gz to gs://home-server-ss/bitwarden-backups/vaultwarden-data_20251102_000001.tar.gz
  
......

Average throughput: 74.2MiB/s
[2025-11-02 00:00:07] Upload successful
[2025-11-02 00:00:07] Checking backups for cleanup (retention: 7 days)
[2025-11-02 00:00:08] Total backups in GCS: 16
[2025-11-02 00:00:08] Cleaning up backups older than 7 days
[2025-11-02 00:00:10] Backup routine completed successfully
[2025-11-03 00:00:02] Triggering Vaultwarden in-container backup
[INFO] Using saved config from `data/config.json` for configuration.

[WARNING] The following environment variables are being overridden by the config.json file.
[WARNING] Please use the admin panel to make changes to them:
[WARNING] DOMAIN, ADMIN_TOKEN

[NOTICE] You are using a plain text `ADMIN_TOKEN` which is insecure.
Please generate a secure Argon2 PHC string by using `vaultwarden hash` or `argon2`.
See: https://github.com/dani-garcia/vaultwarden/wiki/Enabling-admin-page#secure-the-admin_token

Backup to 'data/db_20251102_170002.sqlite3' was successful
[2025-11-03 00:00:02] Detected 1 new backup artefact(s)
[2025-11-03 00:00:02] Copying db_20251102_170002.sqlite3 to local backup dir
[2025-11-03 00:00:02] Archiving /mnt/ssd/nas/bitwarden-data/vaultwarden -> vaultwarden-data_20251103_000002.tar.gz
[2025-11-03 00:00:03] Pruning local backups older than 7 day(s)
/home/shampad/Desktop/projects/bitwarden-password-manager/backups/db_20251025_052925.sqlite3
/home/shampad/Desktop/projects/bitwarden-password-manager/backups/db_20251025_170001.sqlite3
/home/shampad/Desktop/projects/bitwarden-password-manager/backups/vaultwarden-data_20251025_052925.tar.gz
/home/shampad/Desktop/projects/bitwarden-password-manager/backups/vaultwarden-data_20251026_000001.tar.gz
[2025-11-03 00:00:03] Running remote sync command
[2025-11-03 00:00:03] Authenticating with service account
Activated service account credentials for: [gcs-782@home-server-475704.iam.gserviceaccount.com]
[2025-11-03 00:00:04] Uploading /home/shampad/Desktop/projects/bitwarden-password-manager/backups/vaultwarden-data_20251103_000002.tar.gz to gs://home-server-ss/bitwarden-backups/vaultwarden-data_20251103_000002.tar.gz
Copying file:///home/shampad/Desktop/projects/bitwarden-password-manager/backups/vaultwarden-data_20251103_000002.tar.gz to gs://home-server-ss/bitwarden-backups/vaultwarden-data_20251103_000002.tar.gz
  
.....

Average throughput: 94.9MiB/s
[2025-11-03 00:00:07] Upload successful
[2025-11-03 00:00:07] Checking backups for cleanup (retention: 7 days)
[2025-11-03 00:00:08] Total backups in GCS: 17
[2025-11-03 00:00:08] Cleaning up backups older than 7 days
[2025-11-03 00:00:10] Backup routine completed successfully
[2025-11-04 00:00:01] Triggering Vaultwarden in-container backup
[INFO] Using saved config from `data/config.json` for configuration.

[WARNING] The following environment variables are being overridden by the config.json file.
[WARNING] Please use the admin panel to make changes to them:
[WARNING] DOMAIN, ADMIN_TOKEN

[NOTICE] You are using a plain text `ADMIN_TOKEN` which is insecure.
Please generate a secure Argon2 PHC string by using `vaultwarden hash` or `argon2`.
See: https://github.com/dani-garcia/vaultwarden/wiki/Enabling-admin-page#secure-the-admin_token

Backup to 'data/db_20251103_170002.sqlite3' was successful
[2025-11-04 00:00:02] Detected 1 new backup artefact(s)
[2025-11-04 00:00:02] Copying db_20251103_170002.sqlite3 to local backup dir
[2025-11-04 00:00:02] Archiving /mnt/ssd/nas/bitwarden-data/vaultwarden -> vaultwarden-data_20251104_000002.tar.gz
[2025-11-04 00:00:03] Pruning local backups older than 7 day(s)
/home/shampad/Desktop/projects/bitwarden-password-manager/backups/db_20251026_170001.sqlite3
/home/shampad/Desktop/projects/bitwarden-password-manager/backups/vaultwarden-data_20251027_000001.tar.gz
[2025-11-04 00:00:03] Running remote sync command
[2025-11-04 00:00:03] Authenticating with service account
Activated service account credentials for: [gcs-782@home-server-475704.iam.gserviceaccount.com]
[2025-11-04 00:00:04] Uploading /home/shampad/Desktop/projects/bitwarden-password-manager/backups/vaultwarden-data_20251104_000002.tar.gz to gs://home-server-ss/bitwarden-backups/vaultwarden-data_20251104_000002.tar.gz
Copying file:///home/shampad/Desktop/projects/bitwarden-password-manager/backups/vaultwarden-data_20251104_000002.tar.gz to gs://home-server-ss/bitwarden-backups/vaultwarden-data_20251104_000002.tar.gz
  
.....

Average throughput: 91.0MiB/s
[2025-11-04 00:00:07] Upload successful
[2025-11-04 00:00:07] Checking backups for cleanup (retention: 7 days)
[2025-11-04 00:00:08] Total backups in GCS: 18
[2025-11-04 00:00:08] Cleaning up backups older than 7 days
[2025-11-04 00:00:10] Backup routine completed successfully
[2025-11-05 00:00:01] Triggering Vaultwarden in-container backup
[INFO] Using saved config from `data/config.json` for configuration.

[WARNING] The following environment variables are being overridden by the config.json file.
[WARNING] Please use the admin panel to make changes to them:
[WARNING] DOMAIN, ADMIN_TOKEN

[NOTICE] You are using a plain text `ADMIN_TOKEN` which is insecure.
Please generate a secure Argon2 PHC string by using `vaultwarden hash` or `argon2`.
See: https://github.com/dani-garcia/vaultwarden/wiki/Enabling-admin-page#secure-the-admin_token

Backup to 'data/db_20251104_170001.sqlite3' was successful
[2025-11-05 00:00:01] Detected 1 new backup artefact(s)
[2025-11-05 00:00:01] Copying db_20251104_170001.sqlite3 to local backup dir
[2025-11-05 00:00:01] Archiving /mnt/ssd/nas/bitwarden-data/vaultwarden -> vaultwarden-data_20251105_000001.tar.gz
[2025-11-05 00:00:02] Pruning local backups older than 7 day(s)
/home/shampad/Desktop/projects/bitwarden-password-manager/backups/db_20251027_170001.sqlite3
/home/shampad/Desktop/projects/bitwarden-password-manager/backups/vaultwarden-data_20251028_000001.tar.gz
[2025-11-05 00:00:02] Running remote sync command
[2025-11-05 00:00:02] Authenticating with service account
Activated service account credentials for: [gcs-782@home-server-475704.iam.gserviceaccount.com]
[2025-11-05 00:00:03] Uploading /home/shampad/Desktop/projects/bitwarden-password-manager/backups/vaultwarden-data_20251105_000001.tar.gz to gs://home-server-ss/bitwarden-backups/vaultwarden-data_20251105_000001.tar.gz
Copying file:///home/shampad/Desktop/projects/bitwarden-password-manager/backups/vaultwarden-data_20251105_000001.tar.gz to gs://home-server-ss/bitwarden-backups/vaultwarden-data_20251105_000001.tar.gz
  
.....

Average throughput: 82.6MiB/s
[2025-11-05 00:00:06] Upload successful
[2025-11-05 00:00:06] Checking backups for cleanup (retention: 7 days)
[2025-11-05 00:00:07] Total backups in GCS: 19
[2025-11-05 00:00:07] Cleaning up backups older than 7 days
[2025-11-05 00:00:09] Backup routine completed successfully
[2025-11-06 00:00:01] Triggering Vaultwarden in-container backup
[INFO] Using saved config from `data/config.json` for configuration.

[WARNING] The following environment variables are being overridden by the config.json file.
[WARNING] Please use the admin panel to make changes to them:
[WARNING] DOMAIN, ADMIN_TOKEN

[NOTICE] You are using a plain text `ADMIN_TOKEN` which is insecure.
Please generate a secure Argon2 PHC string by using `vaultwarden hash` or `argon2`.
See: https://github.com/dani-garcia/vaultwarden/wiki/Enabling-admin-page#secure-the-admin_token

Backup to 'data/db_20251105_170002.sqlite3' was successful
[2025-11-06 00:00:02] Detected 1 new backup artefact(s)
[2025-11-06 00:00:02] Copying db_20251105_170002.sqlite3 to local backup dir
[2025-11-06 00:00:02] Archiving /mnt/ssd/nas/bitwarden-data/vaultwarden -> vaultwarden-data_20251106_000002.tar.gz
[2025-11-06 00:00:03] Pruning local backups older than 7 day(s)
/home/shampad/Desktop/projects/bitwarden-password-manager/backups/db_20251028_170001.sqlite3
/home/shampad/Desktop/projects/bitwarden-password-manager/backups/vaultwarden-data_20251029_000001.tar.gz
[2025-11-06 00:00:03] Running remote sync command
[2025-11-06 00:00:03] Authenticating with service account
Activated service account credentials for: [gcs-782@home-server-475704.iam.gserviceaccount.com]
[2025-11-06 00:00:04] Uploading /home/shampad/Desktop/projects/bitwarden-password-manager/backups/vaultwarden-data_20251106_000002.tar.gz to gs://home-server-ss/bitwarden-backups/vaultwarden-data_20251106_000002.tar.gz
Copying file:///home/shampad/Desktop/projects/bitwarden-password-manager/backups/vaultwarden-data_20251106_000002.tar.gz to gs://home-server-ss/bitwarden-backups/vaultwarden-data_20251106_000002.tar.gz
  
.....

Average throughput: 100.9MiB/s
[2025-11-06 00:00:07] Upload successful
[2025-11-06 00:00:07] Checking backups for cleanup (retention: 7 days)
[2025-11-06 00:00:08] Total backups in GCS: 20
[2025-11-06 00:00:08] Cleaning up backups older than 7 days
[2025-11-06 00:00:10] Backup routine completed successfully
[2025-11-07 00:00:01] Triggering Vaultwarden in-container backup
[INFO] Using saved config from `data/config.json` for configuration.

[WARNING] The following environment variables are being overridden by the config.json file.
[WARNING] Please use the admin panel to make changes to them:
[WARNING] DOMAIN, ADMIN_TOKEN

[NOTICE] You are using a plain text `ADMIN_TOKEN` which is insecure.
Please generate a secure Argon2 PHC string by using `vaultwarden hash` or `argon2`.
See: https://github.com/dani-garcia/vaultwarden/wiki/Enabling-admin-page#secure-the-admin_token

Backup to 'data/db_20251106_170002.sqlite3' was successful
[2025-11-07 00:00:02] Detected 1 new backup artefact(s)
[2025-11-07 00:00:02] Copying db_20251106_170002.sqlite3 to local backup dir
[2025-11-07 00:00:02] Archiving /mnt/ssd/nas/bitwarden-data/vaultwarden -> vaultwarden-data_20251107_000002.tar.gz
[2025-11-07 00:00:03] Pruning local backups older than 7 day(s)
/home/shampad/Desktop/projects/bitwarden-password-manager/backups/db_20251029_170001.sqlite3
/home/shampad/Desktop/projects/bitwarden-password-manager/backups/vaultwarden-data_20251030_000001.tar.gz
[2025-11-07 00:00:03] Running remote sync command
[2025-11-07 00:00:03] Authenticating with service account
Activated service account credentials for: [gcs-782@home-server-475704.iam.gserviceaccount.com]
[2025-11-07 00:00:04] Uploading /home/shampad/Desktop/projects/bitwarden-password-manager/backups/vaultwarden-data_20251107_000002.tar.gz to gs://home-server-ss/bitwarden-backups/vaultwarden-data_20251107_000002.tar.gz
Copying file:///home/shampad/Desktop/projects/bitwarden-password-manager/backups/vaultwarden-data_20251107_000002.tar.gz to gs://home-server-ss/bitwarden-backups/vaultwarden-data_20251107_000002.tar.gz
  
.....

Average throughput: 84.4MiB/s
[2025-11-07 00:00:07] Upload successful
[2025-11-07 00:00:07] Checking backups for cleanup (retention: 7 days)
[2025-11-07 00:00:08] Total backups in GCS: 21
[2025-11-07 00:00:08] Cleaning up backups older than 7 days
[2025-11-07 00:00:10] Backup routine completed successfully
[2025-11-08 00:00:01] Triggering Vaultwarden in-container backup
[INFO] Using saved config from `data/config.json` for configuration.

[WARNING] The following environment variables are being overridden by the config.json file.
[WARNING] Please use the admin panel to make changes to them:
[WARNING] DOMAIN, ADMIN_TOKEN

[NOTICE] You are using a plain text `ADMIN_TOKEN` which is insecure.
Please generate a secure Argon2 PHC string by using `vaultwarden hash` or `argon2`.
See: https://github.com/dani-garcia/vaultwarden/wiki/Enabling-admin-page#secure-the-admin_token

Backup to 'data/db_20251107_170001.sqlite3' was successful
[2025-11-08 00:00:02] Detected 1 new backup artefact(s)
[2025-11-08 00:00:02] Copying db_20251107_170001.sqlite3 to local backup dir
[2025-11-08 00:00:02] Archiving /mnt/ssd/nas/bitwarden-data/vaultwarden -> vaultwarden-data_20251108_000002.tar.gz
[2025-11-08 00:00:03] Pruning local backups older than 7 day(s)
/home/shampad/Desktop/projects/bitwarden-password-manager/backups/db_20251030_170001.sqlite3
/home/shampad/Desktop/projects/bitwarden-password-manager/backups/vaultwarden-data_20251031_000001.tar.gz
[2025-11-08 00:00:03] Running remote sync command
[2025-11-08 00:00:03] Authenticating with service account
Activated service account credentials for: [gcs-782@home-server-475704.iam.gserviceaccount.com]
[2025-11-08 00:00:04] Uploading /home/shampad/Desktop/projects/bitwarden-password-manager/backups/vaultwarden-data_20251108_000002.tar.gz to gs://home-server-ss/bitwarden-backups/vaultwarden-data_20251108_000002.tar.gz
Copying file:///home/shampad/Desktop/projects/bitwarden-password-manager/backups/vaultwarden-data_20251108_000002.tar.gz to gs://home-server-ss/bitwarden-backups/vaultwarden-data_20251108_000002.tar.gz
  
......

Average throughput: 69.9MiB/s
[2025-11-08 00:00:07] Upload successful
[2025-11-08 00:00:07] Checking backups for cleanup (retention: 7 days)
[2025-11-08 00:00:09] Total backups in GCS: 22
[2025-11-08 00:00:09] Cleaning up backups older than 7 days
[2025-11-08 00:00:10] Backup routine completed successfully
[2025-11-09 00:00:01] Triggering Vaultwarden in-container backup
[INFO] Using saved config from `data/config.json` for configuration.

[WARNING] The following environment variables are being overridden by the config.json file.
[WARNING] Please use the admin panel to make changes to them:
[WARNING] DOMAIN, ADMIN_TOKEN

[NOTICE] You are using a plain text `ADMIN_TOKEN` which is insecure.
Please generate a secure Argon2 PHC string by using `vaultwarden hash` or `argon2`.
See: https://github.com/dani-garcia/vaultwarden/wiki/Enabling-admin-page#secure-the-admin_token

Backup to 'data/db_20251108_170001.sqlite3' was successful
[2025-11-09 00:00:01] Detected 1 new backup artefact(s)
[2025-11-09 00:00:01] Copying db_20251108_170001.sqlite3 to local backup dir
[2025-11-09 00:00:01] Archiving /mnt/ssd/nas/bitwarden-data/vaultwarden -> vaultwarden-data_20251109_000001.tar.gz
[2025-11-09 00:00:02] Pruning local backups older than 7 day(s)
/home/shampad/Desktop/projects/bitwarden-password-manager/backups/db_20251031_170001.sqlite3
[2025-11-09 00:00:02] Running remote sync command
[2025-11-09 00:00:02] Authenticating with service account
Activated service account credentials for: [gcs-782@home-server-475704.iam.gserviceaccount.com]
[2025-11-09 00:00:03] Uploading /home/shampad/Desktop/projects/bitwarden-password-manager/backups/vaultwarden-data_20251109_000001.tar.gz to gs://home-server-ss/bitwarden-backups/vaultwarden-data_20251109_000001.tar.gz
Copying file:///home/shampad/Desktop/projects/bitwarden-password-manager/backups/vaultwarden-data_20251109_000001.tar.gz to gs://home-server-ss/bitwarden-backups/vaultwarden-data_20251109_000001.tar.gz
  
.......

Average throughput: 55.4MiB/s
[2025-11-09 00:00:06] Upload successful
[2025-11-09 00:00:06] Checking backups for cleanup (retention: 7 days)
[2025-11-09 00:00:08] Total backups in GCS: 8
[2025-11-09 00:00:08] Cleaning up backups older than 7 days
[2025-11-09 00:00:09] Backup routine completed successfully
[2025-11-10 00:00:01] Triggering Vaultwarden in-container backup
[INFO] Using saved config from `data/config.json` for configuration.

[WARNING] The following environment variables are being overridden by the config.json file.
[WARNING] Please use the admin panel to make changes to them:
[WARNING] DOMAIN, ADMIN_TOKEN

[NOTICE] You are using a plain text `ADMIN_TOKEN` which is insecure.
Please generate a secure Argon2 PHC string by using `vaultwarden hash` or `argon2`.
See: https://github.com/dani-garcia/vaultwarden/wiki/Enabling-admin-page#secure-the-admin_token

Backup to 'data/db_20251109_170001.sqlite3' was successful
[2025-11-10 00:00:01] Detected 1 new backup artefact(s)
[2025-11-10 00:00:01] Copying db_20251109_170001.sqlite3 to local backup dir
[2025-11-10 00:00:01] Archiving /mnt/ssd/nas/bitwarden-data/vaultwarden -> vaultwarden-data_20251110_000001.tar.gz
[2025-11-10 00:00:03] Pruning local backups older than 7 day(s)
/home/shampad/Desktop/projects/bitwarden-password-manager/backups/db_20251101_170001.sqlite3
/home/shampad/Desktop/projects/bitwarden-password-manager/backups/vaultwarden-data_20251102_000001.tar.gz
/home/shampad/Desktop/projects/bitwarden-password-manager/backups/vaultwarden-data_20251101_000001.tar.gz
[2025-11-10 00:00:03] Running remote sync command
[2025-11-10 00:00:03] Authenticating with service account
Activated service account credentials for: [gcs-782@home-server-475704.iam.gserviceaccount.com]
[2025-11-10 00:00:04] Uploading /home/shampad/Desktop/projects/bitwarden-password-manager/backups/vaultwarden-data_20251110_000001.tar.gz to gs://home-server-ss/bitwarden-backups/vaultwarden-data_20251110_000001.tar.gz
Copying file:///home/shampad/Desktop/projects/bitwarden-password-manager/backups/vaultwarden-data_20251110_000001.tar.gz to gs://home-server-ss/bitwarden-backups/vaultwarden-data_20251110_000001.tar.gz
  
.....

Average throughput: 81.8MiB/s
[2025-11-10 00:00:07] Upload successful
[2025-11-10 00:00:07] Checking backups for cleanup (retention: 7 days)
[2025-11-10 00:00:09] Total backups in GCS: 8
[2025-11-10 00:00:09] Cleaning up backups older than 7 days
[2025-11-10 00:00:10] Backup routine completed successfully
[2025-11-11 00:00:01] Triggering Vaultwarden in-container backup
[INFO] Using saved config from `data/config.json` for configuration.

[WARNING] The following environment variables are being overridden by the config.json file.
[WARNING] Please use the admin panel to make changes to them:
[WARNING] DOMAIN, ADMIN_TOKEN

[NOTICE] You are using a plain text `ADMIN_TOKEN` which is insecure.
Please generate a secure Argon2 PHC string by using `vaultwarden hash` or `argon2`.
See: https://github.com/dani-garcia/vaultwarden/wiki/Enabling-admin-page#secure-the-admin_token

Backup to 'data/db_20251110_170001.sqlite3' was successful
[2025-11-11 00:00:01] Detected 1 new backup artefact(s)
[2025-11-11 00:00:01] Copying db_20251110_170001.sqlite3 to local backup dir
[2025-11-11 00:00:01] Archiving /mnt/ssd/nas/bitwarden-data/vaultwarden -> vaultwarden-data_20251111_000001.tar.gz
[2025-11-11 00:00:02] Pruning local backups older than 7 day(s)
/home/shampad/Desktop/projects/bitwarden-password-manager/backups/db_20251102_170002.sqlite3
[2025-11-11 00:00:02] Running remote sync command
[2025-11-11 00:00:03] Authenticating with service account
Activated service account credentials for: [gcs-782@home-server-475704.iam.gserviceaccount.com]
[2025-11-11 00:00:04] Uploading /home/shampad/Desktop/projects/bitwarden-password-manager/backups/vaultwarden-data_20251111_000001.tar.gz to gs://home-server-ss/bitwarden-backups/vaultwarden-data_20251111_000001.tar.gz
Copying file:///home/shampad/Desktop/projects/bitwarden-password-manager/backups/vaultwarden-data_20251111_000001.tar.gz to gs://home-server-ss/bitwarden-backups/vaultwarden-data_20251111_000001.tar.gz
  
......

Average throughput: 67.9MiB/s
[2025-11-11 00:00:07] Upload successful
[2025-11-11 00:00:07] Checking backups for cleanup (retention: 7 days)
[2025-11-11 00:00:08] Total backups in GCS: 8
[2025-11-11 00:00:08] Cleaning up backups older than 7 days
[2025-11-11 00:00:10] Backup routine completed successfully
[2025-11-12 00:00:01] Triggering Vaultwarden in-container backup
[INFO] Using saved config from `data/config.json` for configuration.

[WARNING] The following environment variables are being overridden by the config.json file.
[WARNING] Please use the admin panel to make changes to them:
[WARNING] DOMAIN, ADMIN_TOKEN

[NOTICE] You are using a plain text `ADMIN_TOKEN` which is insecure.
Please generate a secure Argon2 PHC string by using `vaultwarden hash` or `argon2`.
See: https://github.com/dani-garcia/vaultwarden/wiki/Enabling-admin-page#secure-the-admin_token

Backup to 'data/db_20251111_170001.sqlite3' was successful
[2025-11-12 00:00:01] Detected 1 new backup artefact(s)
[2025-11-12 00:00:01] Copying db_20251111_170001.sqlite3 to local backup dir
[2025-11-12 00:00:01] Archiving /mnt/ssd/nas/bitwarden-data/vaultwarden -> vaultwarden-data_20251112_000001.tar.gz
[2025-11-12 00:00:02] Pruning local backups older than 7 day(s)
/home/shampad/Desktop/projects/bitwarden-password-manager/backups/db_20251103_170002.sqlite3
/home/shampad/Desktop/projects/bitwarden-password-manager/backups/vaultwarden-data_20251103_000002.tar.gz
[2025-11-12 00:00:02] Running remote sync command
[2025-11-12 00:00:02] Authenticating with service account
Activated service account credentials for: [gcs-782@home-server-475704.iam.gserviceaccount.com]
[2025-11-12 00:00:04] Uploading /home/shampad/Desktop/projects/bitwarden-password-manager/backups/vaultwarden-data_20251112_000001.tar.gz to gs://home-server-ss/bitwarden-backups/vaultwarden-data_20251112_000001.tar.gz
Copying file:///home/shampad/Desktop/projects/bitwarden-password-manager/backups/vaultwarden-data_20251112_000001.tar.gz to gs://home-server-ss/bitwarden-backups/vaultwarden-data_20251112_000001.tar.gz
  
.....

Average throughput: 106.2MiB/s
[2025-11-12 00:00:06] Upload successful
[2025-11-12 00:00:06] Checking backups for cleanup (retention: 7 days)
[2025-11-12 00:00:08] Total backups in GCS: 8
[2025-11-12 00:00:08] Cleaning up backups older than 7 days
[2025-11-12 00:00:09] Backup routine completed successfully
[2025-11-13 00:00:01] Triggering Vaultwarden in-container backup
[INFO] Using saved config from `data/config.json` for configuration.

[WARNING] The following environment variables are being overridden by the config.json file.
[WARNING] Please use the admin panel to make changes to them:
[WARNING] DOMAIN, ADMIN_TOKEN

[NOTICE] You are using a plain text `ADMIN_TOKEN` which is insecure.
Please generate a secure Argon2 PHC string by using `vaultwarden hash` or `argon2`.
See: https://github.com/dani-garcia/vaultwarden/wiki/Enabling-admin-page#secure-the-admin_token

Backup to 'data/db_20251112_170001.sqlite3' was successful
[2025-11-13 00:00:01] Detected 1 new backup artefact(s)
[2025-11-13 00:00:01] Copying db_20251112_170001.sqlite3 to local backup dir
[2025-11-13 00:00:01] Archiving /mnt/ssd/nas/bitwarden-data/vaultwarden -> vaultwarden-data_20251113_000001.tar.gz
[2025-11-13 00:00:02] Pruning local backups older than 7 day(s)
/home/shampad/Desktop/projects/bitwarden-password-manager/backups/db_20251104_170001.sqlite3
/home/shampad/Desktop/projects/bitwarden-password-manager/backups/vaultwarden-data_20251105_000001.tar.gz
/home/shampad/Desktop/projects/bitwarden-password-manager/backups/vaultwarden-data_20251104_000002.tar.gz
[2025-11-13 00:00:02] Running remote sync command
[2025-11-13 00:00:02] Authenticating with service account
Activated service account credentials for: [gcs-782@home-server-475704.iam.gserviceaccount.com]
[2025-11-13 00:00:04] Uploading /home/shampad/Desktop/projects/bitwarden-password-manager/backups/vaultwarden-data_20251113_000001.tar.gz to gs://home-server-ss/bitwarden-backups/vaultwarden-data_20251113_000001.tar.gz
Copying file:///home/shampad/Desktop/projects/bitwarden-password-manager/backups/vaultwarden-data_20251113_000001.tar.gz to gs://home-server-ss/bitwarden-backups/vaultwarden-data_20251113_000001.tar.gz
  
.......

Average throughput: 87.4MiB/s
[2025-11-13 00:00:07] Upload successful
[2025-11-13 00:00:07] Checking backups for cleanup (retention: 7 days)
[2025-11-13 00:00:08] Total backups in GCS: 8
[2025-11-13 00:00:08] Cleaning up backups older than 7 days
[2025-11-13 00:00:10] Backup routine completed successfully
[2025-11-14 00:00:01] Triggering Vaultwarden in-container backup
[INFO] Using saved config from `data/config.json` for configuration.

[WARNING] The following environment variables are being overridden by the config.json file.
[WARNING] Please use the admin panel to make changes to them:
[WARNING] DOMAIN, ADMIN_TOKEN

[NOTICE] You are using a plain text `ADMIN_TOKEN` which is insecure.
Please generate a secure Argon2 PHC string by using `vaultwarden hash` or `argon2`.
See: https://github.com/dani-garcia/vaultwarden/wiki/Enabling-admin-page#secure-the-admin_token

Backup to 'data/db_20251113_170002.sqlite3' was successful
[2025-11-14 00:00:02] Detected 1 new backup artefact(s)
[2025-11-14 00:00:02] Copying db_20251113_170002.sqlite3 to local backup dir
[2025-11-14 00:00:02] Archiving /mnt/ssd/nas/bitwarden-data/vaultwarden -> vaultwarden-data_20251114_000002.tar.gz
[2025-11-14 00:00:03] Pruning local backups older than 7 day(s)
/home/shampad/Desktop/projects/bitwarden-password-manager/backups/db_20251105_170002.sqlite3
/home/shampad/Desktop/projects/bitwarden-password-manager/backups/vaultwarden-data_20251106_000002.tar.gz
[2025-11-14 00:00:03] Running remote sync command
[2025-11-14 00:00:03] Authenticating with service account
Activated service account credentials for: [gcs-782@home-server-475704.iam.gserviceaccount.com]
[2025-11-14 00:00:04] Uploading /home/shampad/Desktop/projects/bitwarden-password-manager/backups/vaultwarden-data_20251114_000002.tar.gz to gs://home-server-ss/bitwarden-backups/vaultwarden-data_20251114_000002.tar.gz
Copying file:///home/shampad/Desktop/projects/bitwarden-password-manager/backups/vaultwarden-data_20251114_000002.tar.gz to gs://home-server-ss/bitwarden-backups/vaultwarden-data_20251114_000002.tar.gz
  
.....

Average throughput: 99.7MiB/s
[2025-11-14 00:00:07] Upload successful
[2025-11-14 00:00:07] Checking backups for cleanup (retention: 7 days)
[2025-11-14 00:00:09] Total backups in GCS: 8
[2025-11-14 00:00:09] Cleaning up backups older than 7 days
[2025-11-14 00:00:10] Backup routine completed successfully
[2025-11-15 00:00:01] Triggering Vaultwarden in-container backup
[INFO] Using saved config from `data/config.json` for configuration.

[WARNING] The following environment variables are being overridden by the config.json file.
[WARNING] Please use the admin panel to make changes to them:
[WARNING] DOMAIN, ADMIN_TOKEN

[NOTICE] You are using a plain text `ADMIN_TOKEN` which is insecure.
Please generate a secure Argon2 PHC string by using `vaultwarden hash` or `argon2`.
See: https://github.com/dani-garcia/vaultwarden/wiki/Enabling-admin-page#secure-the-admin_token

Backup to 'data/db_20251114_170001.sqlite3' was successful
[2025-11-15 00:00:02] Detected 1 new backup artefact(s)
[2025-11-15 00:00:02] Copying db_20251114_170001.sqlite3 to local backup dir
[2025-11-15 00:00:02] Archiving /mnt/ssd/nas/bitwarden-data/vaultwarden -> vaultwarden-data_20251115_000002.tar.gz
[2025-11-15 00:00:03] Pruning local backups older than 7 day(s)
/home/shampad/Desktop/projects/bitwarden-password-manager/backups/db_20251106_170002.sqlite3
/home/shampad/Desktop/projects/bitwarden-password-manager/backups/vaultwarden-data_20251107_000002.tar.gz
[2025-11-15 00:00:03] Running remote sync command
[2025-11-15 00:00:03] Authenticating with service account
Activated service account credentials for: [gcs-782@home-server-475704.iam.gserviceaccount.com]
[2025-11-15 00:00:04] Uploading /home/shampad/Desktop/projects/bitwarden-password-manager/backups/vaultwarden-data_20251115_000002.tar.gz to gs://home-server-ss/bitwarden-backups/vaultwarden-data_20251115_000002.tar.gz
Copying file:///home/shampad/Desktop/projects/bitwarden-password-manager/backups/vaultwarden-data_20251115_000002.tar.gz to gs://home-server-ss/bitwarden-backups/vaultwarden-data_20251115_000002.tar.gz
  
......

Average throughput: 54.6MiB/s
[2025-11-15 00:00:07] Upload successful
[2025-11-15 00:00:07] Checking backups for cleanup (retention: 7 days)
[2025-11-15 00:00:09] Total backups in GCS: 8
[2025-11-15 00:00:09] Cleaning up backups older than 7 days
[2025-11-15 00:00:10] Backup routine completed successfully
[2025-11-16 00:00:01] Triggering Vaultwarden in-container backup
[INFO] Using saved config from `data/config.json` for configuration.

[WARNING] The following environment variables are being overridden by the config.json file.
[WARNING] Please use the admin panel to make changes to them:
[WARNING] DOMAIN, ADMIN_TOKEN

[NOTICE] You are using a plain text `ADMIN_TOKEN` which is insecure.
Please generate a secure Argon2 PHC string by using `vaultwarden hash` or `argon2`.
See: https://github.com/dani-garcia/vaultwarden/wiki/Enabling-admin-page#secure-the-admin_token

Backup to 'data/db_20251115_170001.sqlite3' was successful
[2025-11-16 00:00:01] Detected 1 new backup artefact(s)
[2025-11-16 00:00:01] Copying db_20251115_170001.sqlite3 to local backup dir
[2025-11-16 00:00:01] Archiving /mnt/ssd/nas/bitwarden-data/vaultwarden -> vaultwarden-data_20251116_000001.tar.gz
[2025-11-16 00:00:03] Pruning local backups older than 7 day(s)
/home/shampad/Desktop/projects/bitwarden-password-manager/backups/db_20251107_170001.sqlite3
/home/shampad/Desktop/projects/bitwarden-password-manager/backups/vaultwarden-data_20251108_000002.tar.gz
[2025-11-16 00:00:03] Running remote sync command
[2025-11-16 00:00:03] Authenticating with service account
Activated service account credentials for: [gcs-782@home-server-475704.iam.gserviceaccount.com]
[2025-11-16 00:00:05] Uploading /home/shampad/Desktop/projects/bitwarden-password-manager/backups/vaultwarden-data_20251116_000001.tar.gz to gs://home-server-ss/bitwarden-backups/vaultwarden-data_20251116_000001.tar.gz
Copying file:///home/shampad/Desktop/projects/bitwarden-password-manager/backups/vaultwarden-data_20251116_000001.tar.gz to gs://home-server-ss/bitwarden-backups/vaultwarden-data_20251116_000001.tar.gz
  
.....

Average throughput: 89.1MiB/s
[2025-11-16 00:00:07] Upload successful
[2025-11-16 00:00:07] Checking backups for cleanup (retention: 7 days)
[2025-11-16 00:00:09] Total backups in GCS: 8
[2025-11-16 00:00:09] Cleaning up backups older than 7 days
[2025-11-16 00:00:10] Backup routine completed successfully
[2025-11-17 00:00:01] Triggering Vaultwarden in-container backup
[INFO] Using saved config from `data/config.json` for configuration.

[WARNING] The following environment variables are being overridden by the config.json file.
[WARNING] Please use the admin panel to make changes to them:
[WARNING] DOMAIN, ADMIN_TOKEN

[NOTICE] You are using a plain text `ADMIN_TOKEN` which is insecure.
Please generate a secure Argon2 PHC string by using `vaultwarden hash` or `argon2`.
See: https://github.com/dani-garcia/vaultwarden/wiki/Enabling-admin-page#secure-the-admin_token

Backup to 'data/db_20251116_170001.sqlite3' was successful
[2025-11-17 00:00:01] Detected 1 new backup artefact(s)
[2025-11-17 00:00:01] Copying db_20251116_170001.sqlite3 to local backup dir
[2025-11-17 00:00:01] Archiving /mnt/ssd/nas/bitwarden-data/vaultwarden -> vaultwarden-data_20251117_000001.tar.gz
[2025-11-17 00:00:02] Pruning local backups older than 7 day(s)
/home/shampad/Desktop/projects/bitwarden-password-manager/backups/db_20251108_170001.sqlite3
/home/shampad/Desktop/projects/bitwarden-password-manager/backups/vaultwarden-data_20251109_000001.tar.gz
[2025-11-17 00:00:02] Running remote sync command
[2025-11-17 00:00:02] Authenticating with service account
Activated service account credentials for: [gcs-782@home-server-475704.iam.gserviceaccount.com]
[2025-11-17 00:00:04] Uploading /home/shampad/Desktop/projects/bitwarden-password-manager/backups/vaultwarden-data_20251117_000001.tar.gz to gs://home-server-ss/bitwarden-backups/vaultwarden-data_20251117_000001.tar.gz
Copying file:///home/shampad/Desktop/projects/bitwarden-password-manager/backups/vaultwarden-data_20251117_000001.tar.gz to gs://home-server-ss/bitwarden-backups/vaultwarden-data_20251117_000001.tar.gz
  
......

Average throughput: 83.3MiB/s
[2025-11-17 00:00:07] Upload successful
[2025-11-17 00:00:07] Checking backups for cleanup (retention: 7 days)
[2025-11-17 00:00:08] Total backups in GCS: 8
[2025-11-17 00:00:08] Cleaning up backups older than 7 days
[2025-11-17 00:00:10] Backup routine completed successfully
[2025-11-18 00:00:01] Triggering Vaultwarden in-container backup
[INFO] Using saved config from `data/config.json` for configuration.

[WARNING] The following environment variables are being overridden by the config.json file.
[WARNING] Please use the admin panel to make changes to them:
[WARNING] DOMAIN, ADMIN_TOKEN

[NOTICE] You are using a plain text `ADMIN_TOKEN` which is insecure.
Please generate a secure Argon2 PHC string by using `vaultwarden hash` or `argon2`.
See: https://github.com/dani-garcia/vaultwarden/wiki/Enabling-admin-page#secure-the-admin_token

Backup to 'data/db_20251117_170001.sqlite3' was successful
[2025-11-18 00:00:01] Detected 1 new backup artefact(s)
[2025-11-18 00:00:01] Copying db_20251117_170001.sqlite3 to local backup dir
[2025-11-18 00:00:01] Archiving /mnt/ssd/nas/bitwarden-data/vaultwarden -> vaultwarden-data_20251118_000001.tar.gz
[2025-11-18 00:00:02] Pruning local backups older than 7 day(s)
/home/shampad/Desktop/projects/bitwarden-password-manager/backups/db_20251109_170001.sqlite3
[2025-11-18 00:00:02] Running remote sync command
[2025-11-18 00:00:02] Authenticating with service account
Activated service account credentials for: [gcs-782@home-server-475704.iam.gserviceaccount.com]
[2025-11-18 00:00:04] Uploading /home/shampad/Desktop/projects/bitwarden-password-manager/backups/vaultwarden-data_20251118_000001.tar.gz to gs://home-server-ss/bitwarden-backups/vaultwarden-data_20251118_000001.tar.gz
Copying file:///home/shampad/Desktop/projects/bitwarden-password-manager/backups/vaultwarden-data_20251118_000001.tar.gz to gs://home-server-ss/bitwarden-backups/vaultwarden-data_20251118_000001.tar.gz
  
.....

Average throughput: 89.4MiB/s
[2025-11-18 00:00:06] Upload successful
[2025-11-18 00:00:06] Checking backups for cleanup (retention: 7 days)
[2025-11-18 00:00:08] Total backups in GCS: 8
[2025-11-18 00:00:08] Cleaning up backups older than 7 days
[2025-11-18 00:00:09] Backup routine completed successfully
[2025-11-19 00:00:01] Triggering Vaultwarden in-container backup
[INFO] Using saved config from `data/config.json` for configuration.

[WARNING] The following environment variables are being overridden by the config.json file.
[WARNING] Please use the admin panel to make changes to them:
[WARNING] DOMAIN, ADMIN_TOKEN

[NOTICE] You are using a plain text `ADMIN_TOKEN` which is insecure.
Please generate a secure Argon2 PHC string by using `vaultwarden hash` or `argon2`.
See: https://github.com/dani-garcia/vaultwarden/wiki/Enabling-admin-page#secure-the-admin_token

Backup to 'data/db_20251118_170001.sqlite3' was successful
[2025-11-19 00:00:01] Detected 1 new backup artefact(s)
[2025-11-19 00:00:01] Copying db_20251118_170001.sqlite3 to local backup dir
[2025-11-19 00:00:01] Archiving /mnt/ssd/nas/bitwarden-data/vaultwarden -> vaultwarden-data_20251119_000001.tar.gz
[2025-11-19 00:00:03] Pruning local backups older than 7 day(s)
/home/shampad/Desktop/projects/bitwarden-password-manager/backups/db_20251110_170001.sqlite3
/home/shampad/Desktop/projects/bitwarden-password-manager/backups/vaultwarden-data_20251111_000001.tar.gz
/home/shampad/Desktop/projects/bitwarden-password-manager/backups/vaultwarden-data_20251110_000001.tar.gz
[2025-11-19 00:00:03] Running remote sync command
[2025-11-19 00:00:03] Authenticating with service account
Activated service account credentials for: [gcs-782@home-server-475704.iam.gserviceaccount.com]
[2025-11-19 00:00:04] Uploading /home/shampad/Desktop/projects/bitwarden-password-manager/backups/vaultwarden-data_20251119_000001.tar.gz to gs://home-server-ss/bitwarden-backups/vaultwarden-data_20251119_000001.tar.gz
Copying file:///home/shampad/Desktop/projects/bitwarden-password-manager/backups/vaultwarden-data_20251119_000001.tar.gz to gs://home-server-ss/bitwarden-backups/vaultwarden-data_20251119_000001.tar.gz
  
.....

Average throughput: 83.9MiB/s
[2025-11-19 00:00:07] Upload successful
[2025-11-19 00:00:07] Checking backups for cleanup (retention: 7 days)
[2025-11-19 00:00:08] Total backups in GCS: 8
[2025-11-19 00:00:08] Cleaning up backups older than 7 days
[2025-11-19 00:00:10] Backup routine completed successfully
[2025-11-20 00:00:01] Triggering Vaultwarden in-container backup
[INFO] Using saved config from `data/config.json` for configuration.

[WARNING] The following environment variables are being overridden by the config.json file.
[WARNING] Please use the admin panel to make changes to them:
[WARNING] DOMAIN, ADMIN_TOKEN

[NOTICE] You are using a plain text `ADMIN_TOKEN` which is insecure.
Please generate a secure Argon2 PHC string by using `vaultwarden hash` or `argon2`.
See: https://github.com/dani-garcia/vaultwarden/wiki/Enabling-admin-page#secure-the-admin_token

Backup to 'data/db_20251119_170001.sqlite3' was successful
[2025-11-20 00:00:01] Detected 1 new backup artefact(s)
[2025-11-20 00:00:01] Copying db_20251119_170001.sqlite3 to local backup dir
[2025-11-20 00:00:01] Archiving /mnt/ssd/nas/bitwarden-data/vaultwarden -> vaultwarden-data_20251120_000001.tar.gz
[2025-11-20 00:00:03] Pruning local backups older than 7 day(s)
/home/shampad/Desktop/projects/bitwarden-password-manager/backups/db_20251111_170001.sqlite3
/home/shampad/Desktop/projects/bitwarden-password-manager/backups/vaultwarden-data_20251112_000001.tar.gz
[2025-11-20 00:00:03] Running remote sync command
[2025-11-20 00:00:03] Authenticating with service account
Activated service account credentials for: [gcs-782@home-server-475704.iam.gserviceaccount.com]
[2025-11-20 00:00:04] Uploading /home/shampad/Desktop/projects/bitwarden-password-manager/backups/vaultwarden-data_20251120_000001.tar.gz to gs://home-server-ss/bitwarden-backups/vaultwarden-data_20251120_000001.tar.gz
Copying file:///home/shampad/Desktop/projects/bitwarden-password-manager/backups/vaultwarden-data_20251120_000001.tar.gz to gs://home-server-ss/bitwarden-backups/vaultwarden-data_20251120_000001.tar.gz
  
......

Average throughput: 80.6MiB/s
[2025-11-20 00:00:07] Upload successful
[2025-11-20 00:00:07] Checking backups for cleanup (retention: 7 days)
[2025-11-20 00:00:08] Total backups in GCS: 8
[2025-11-20 00:00:08] Cleaning up backups older than 7 days
[2025-11-20 00:00:10] Backup routine completed successfully
[2025-11-21 00:00:01] Triggering Vaultwarden in-container backup
[INFO] Using saved config from `data/config.json` for configuration.

[WARNING] The following environment variables are being overridden by the config.json file.
[WARNING] Please use the admin panel to make changes to them:
[WARNING] DOMAIN, ADMIN_TOKEN

[NOTICE] You are using a plain text `ADMIN_TOKEN` which is insecure.
Please generate a secure Argon2 PHC string by using `vaultwarden hash` or `argon2`.
See: https://github.com/dani-garcia/vaultwarden/wiki/Enabling-admin-page#secure-the-admin_token

Backup to 'data/db_20251120_170001.sqlite3' was successful
[2025-11-21 00:00:01] Detected 1 new backup artefact(s)
[2025-11-21 00:00:01] Copying db_20251120_170001.sqlite3 to local backup dir
[2025-11-21 00:00:01] Archiving /mnt/ssd/nas/bitwarden-data/vaultwarden -> vaultwarden-data_20251121_000001.tar.gz
[2025-11-21 00:00:03] Pruning local backups older than 7 day(s)
/home/shampad/Desktop/projects/bitwarden-password-manager/backups/db_20251112_170001.sqlite3
/home/shampad/Desktop/projects/bitwarden-password-manager/backups/vaultwarden-data_20251113_000001.tar.gz
[2025-11-21 00:00:03] Running remote sync command
[2025-11-21 00:00:03] Authenticating with service account
Activated service account credentials for: [gcs-782@home-server-475704.iam.gserviceaccount.com]
[2025-11-21 00:00:04] Uploading /home/shampad/Desktop/projects/bitwarden-password-manager/backups/vaultwarden-data_20251121_000001.tar.gz to gs://home-server-ss/bitwarden-backups/vaultwarden-data_20251121_000001.tar.gz
Copying file:///home/shampad/Desktop/projects/bitwarden-password-manager/backups/vaultwarden-data_20251121_000001.tar.gz to gs://home-server-ss/bitwarden-backups/vaultwarden-data_20251121_000001.tar.gz
  
......

Average throughput: 66.3MiB/s
[2025-11-21 00:00:07] Upload successful
[2025-11-21 00:00:07] Checking backups for cleanup (retention: 7 days)
[2025-11-21 00:00:08] Total backups in GCS: 8
[2025-11-21 00:00:08] Cleaning up backups older than 7 days
[2025-11-21 00:00:10] Backup routine completed successfully
[2025-11-22 00:00:01] Triggering Vaultwarden in-container backup
[INFO] Using saved config from `data/config.json` for configuration.

[WARNING] The following environment variables are being overridden by the config.json file.
[WARNING] Please use the admin panel to make changes to them:
[WARNING] DOMAIN, ADMIN_TOKEN

[NOTICE] You are using a plain text `ADMIN_TOKEN` which is insecure.
Please generate a secure Argon2 PHC string by using `vaultwarden hash` or `argon2`.
See: https://github.com/dani-garcia/vaultwarden/wiki/Enabling-admin-page#secure-the-admin_token

Backup to 'data/db_20251121_170001.sqlite3' was successful
[2025-11-22 00:00:02] Detected 1 new backup artefact(s)
[2025-11-22 00:00:02] Copying db_20251121_170001.sqlite3 to local backup dir
[2025-11-22 00:00:02] Archiving /mnt/ssd/nas/bitwarden-data/vaultwarden -> vaultwarden-data_20251122_000002.tar.gz
[2025-11-22 00:00:03] Pruning local backups older than 7 day(s)
/home/shampad/Desktop/projects/bitwarden-password-manager/backups/db_20251113_170002.sqlite3
/home/shampad/Desktop/projects/bitwarden-password-manager/backups/vaultwarden-data_20251114_000002.tar.gz
[2025-11-22 00:00:03] Running remote sync command
[2025-11-22 00:00:03] Authenticating with service account
Activated service account credentials for: [gcs-782@home-server-475704.iam.gserviceaccount.com]
[2025-11-22 00:00:04] Uploading /home/shampad/Desktop/projects/bitwarden-password-manager/backups/vaultwarden-data_20251122_000002.tar.gz to gs://home-server-ss/bitwarden-backups/vaultwarden-data_20251122_000002.tar.gz
Copying file:///home/shampad/Desktop/projects/bitwarden-password-manager/backups/vaultwarden-data_20251122_000002.tar.gz to gs://home-server-ss/bitwarden-backups/vaultwarden-data_20251122_000002.tar.gz
  
.....

Average throughput: 92.3MiB/s
[2025-11-22 00:00:07] Upload successful
[2025-11-22 00:00:07] Checking backups for cleanup (retention: 7 days)
[2025-11-22 00:00:09] Total backups in GCS: 8
[2025-11-22 00:00:09] Cleaning up backups older than 7 days
[2025-11-22 00:00:10] Backup routine completed successfully
[2025-11-23 00:00:01] Triggering Vaultwarden in-container backup
[INFO] Using saved config from `data/config.json` for configuration.

[WARNING] The following environment variables are being overridden by the config.json file.
[WARNING] Please use the admin panel to make changes to them:
[WARNING] DOMAIN, ADMIN_TOKEN

[NOTICE] You are using a plain text `ADMIN_TOKEN` which is insecure.
Please generate a secure Argon2 PHC string by using `vaultwarden hash` or `argon2`.
See: https://github.com/dani-garcia/vaultwarden/wiki/Enabling-admin-page#secure-the-admin_token

Backup to 'data/db_20251122_170001.sqlite3' was successful
[2025-11-23 00:00:01] Detected 1 new backup artefact(s)
[2025-11-23 00:00:01] Copying db_20251122_170001.sqlite3 to local backup dir
[2025-11-23 00:00:01] Archiving /mnt/ssd/nas/bitwarden-data/vaultwarden -> vaultwarden-data_20251123_000001.tar.gz
[2025-11-23 00:00:03] Pruning local backups older than 7 day(s)
/home/shampad/Desktop/projects/bitwarden-password-manager/backups/db_20251114_170001.sqlite3
[2025-11-23 00:00:03] Running remote sync command
[2025-11-23 00:00:03] Authenticating with service account
Activated service account credentials for: [gcs-782@home-server-475704.iam.gserviceaccount.com]
[2025-11-23 00:00:04] Uploading /home/shampad/Desktop/projects/bitwarden-password-manager/backups/vaultwarden-data_20251123_000001.tar.gz to gs://home-server-ss/bitwarden-backups/vaultwarden-data_20251123_000001.tar.gz
Copying file:///home/shampad/Desktop/projects/bitwarden-password-manager/backups/vaultwarden-data_20251123_000001.tar.gz to gs://home-server-ss/bitwarden-backups/vaultwarden-data_20251123_000001.tar.gz
  
......

Average throughput: 93.8MiB/s
[2025-11-23 00:00:07] Upload successful
[2025-11-23 00:00:07] Checking backups for cleanup (retention: 7 days)
[2025-11-23 00:00:09] Total backups in GCS: 8
[2025-11-23 00:00:09] Cleaning up backups older than 7 days
[2025-11-23 00:00:10] Backup routine completed successfully
[2025-11-24 00:00:01] Triggering Vaultwarden in-container backup
[INFO] Using saved config from `data/config.json` for configuration.

[WARNING] The following environment variables are being overridden by the config.json file.
[WARNING] Please use the admin panel to make changes to them:
[WARNING] DOMAIN, ADMIN_TOKEN

[NOTICE] You are using a plain text `ADMIN_TOKEN` which is insecure.
Please generate a secure Argon2 PHC string by using `vaultwarden hash` or `argon2`.
See: https://github.com/dani-garcia/vaultwarden/wiki/Enabling-admin-page#secure-the-admin_token

Backup to 'data/db_20251123_170001.sqlite3' was successful
[2025-11-24 00:00:01] Detected 1 new backup artefact(s)
[2025-11-24 00:00:01] Copying db_20251123_170001.sqlite3 to local backup dir
[2025-11-24 00:00:01] Archiving /mnt/ssd/nas/bitwarden-data/vaultwarden -> vaultwarden-data_20251124_000001.tar.gz
[2025-11-24 00:00:03] Pruning local backups older than 7 day(s)
/home/shampad/Desktop/projects/bitwarden-password-manager/backups/db_20251115_170001.sqlite3
/home/shampad/Desktop/projects/bitwarden-password-manager/backups/vaultwarden-data_20251115_000002.tar.gz
/home/shampad/Desktop/projects/bitwarden-password-manager/backups/vaultwarden-data_20251116_000001.tar.gz
[2025-11-24 00:00:03] Running remote sync command
[2025-11-24 00:00:03] Authenticating with service account
Activated service account credentials for: [gcs-782@home-server-475704.iam.gserviceaccount.com]
[2025-11-24 00:00:04] Uploading /home/shampad/Desktop/projects/bitwarden-password-manager/backups/vaultwarden-data_20251124_000001.tar.gz to gs://home-server-ss/bitwarden-backups/vaultwarden-data_20251124_000001.tar.gz
Copying file:///home/shampad/Desktop/projects/bitwarden-password-manager/backups/vaultwarden-data_20251124_000001.tar.gz to gs://home-server-ss/bitwarden-backups/vaultwarden-data_20251124_000001.tar.gz
  
.....

Average throughput: 92.2MiB/s
[2025-11-24 00:00:07] Upload successful
[2025-11-24 00:00:07] Checking backups for cleanup (retention: 7 days)
[2025-11-24 00:00:08] Total backups in GCS: 8
[2025-11-24 00:00:08] Cleaning up backups older than 7 days
[2025-11-24 00:00:10] Backup routine completed successfully
[2025-11-25 00:00:01] Triggering Vaultwarden in-container backup
[INFO] Using saved config from `data/config.json` for configuration.

[WARNING] The following environment variables are being overridden by the config.json file.
[WARNING] Please use the admin panel to make changes to them:
[WARNING] DOMAIN, ADMIN_TOKEN

[NOTICE] You are using a plain text `ADMIN_TOKEN` which is insecure.
Please generate a secure Argon2 PHC string by using `vaultwarden hash` or `argon2`.
See: https://github.com/dani-garcia/vaultwarden/wiki/Enabling-admin-page#secure-the-admin_token

Backup to 'data/db_20251124_170001.sqlite3' was successful
[2025-11-25 00:00:01] Detected 1 new backup artefact(s)
[2025-11-25 00:00:01] Copying db_20251124_170001.sqlite3 to local backup dir
[2025-11-25 00:00:01] Archiving /mnt/ssd/nas/bitwarden-data/vaultwarden -> vaultwarden-data_20251125_000001.tar.gz
[2025-11-25 00:00:03] Pruning local backups older than 7 day(s)
/home/shampad/Desktop/projects/bitwarden-password-manager/backups/db_20251116_170001.sqlite3
/home/shampad/Desktop/projects/bitwarden-password-manager/backups/vaultwarden-data_20251117_000001.tar.gz
[2025-11-25 00:00:03] Running remote sync command
[2025-11-25 00:00:03] Authenticating with service account
Activated service account credentials for: [gcs-782@home-server-475704.iam.gserviceaccount.com]
[2025-11-25 00:00:04] Uploading /home/shampad/Desktop/projects/bitwarden-password-manager/backups/vaultwarden-data_20251125_000001.tar.gz to gs://home-server-ss/bitwarden-backups/vaultwarden-data_20251125_000001.tar.gz
Copying file:///home/shampad/Desktop/projects/bitwarden-password-manager/backups/vaultwarden-data_20251125_000001.tar.gz to gs://home-server-ss/bitwarden-backups/vaultwarden-data_20251125_000001.tar.gz
  
......

Average throughput: 79.9MiB/s
[2025-11-25 00:00:07] Upload successful
[2025-11-25 00:00:07] Checking backups for cleanup (retention: 7 days)
[2025-11-25 00:00:08] Total backups in GCS: 8
[2025-11-25 00:00:08] Cleaning up backups older than 7 days
[2025-11-25 00:00:10] Backup routine completed successfully
[2025-11-26 00:00:02] Triggering Vaultwarden in-container backup
[INFO] Using saved config from `data/config.json` for configuration.

[WARNING] The following environment variables are being overridden by the config.json file.
[WARNING] Please use the admin panel to make changes to them:
[WARNING] DOMAIN, ADMIN_TOKEN

[NOTICE] You are using a plain text `ADMIN_TOKEN` which is insecure.
Please generate a secure Argon2 PHC string by using `vaultwarden hash` or `argon2`.
See: https://github.com/dani-garcia/vaultwarden/wiki/Enabling-admin-page#secure-the-admin_token

Backup to 'data/db_20251125_170002.sqlite3' was successful
[2025-11-26 00:00:02] Detected 1 new backup artefact(s)
[2025-11-26 00:00:02] Copying db_20251125_170002.sqlite3 to local backup dir
[2025-11-26 00:00:02] Archiving /mnt/ssd/nas/bitwarden-data/vaultwarden -> vaultwarden-data_20251126_000002.tar.gz
[2025-11-26 00:00:04] Pruning local backups older than 7 day(s)
/home/shampad/Desktop/projects/bitwarden-password-manager/backups/db_20251117_170001.sqlite3
/home/shampad/Desktop/projects/bitwarden-password-manager/backups/vaultwarden-data_20251118_000001.tar.gz
[2025-11-26 00:00:04] Running remote sync command
[2025-11-26 00:00:04] Authenticating with service account
Activated service account credentials for: [gcs-782@home-server-475704.iam.gserviceaccount.com]
[2025-11-26 00:00:05] Uploading /home/shampad/Desktop/projects/bitwarden-password-manager/backups/vaultwarden-data_20251126_000002.tar.gz to gs://home-server-ss/bitwarden-backups/vaultwarden-data_20251126_000002.tar.gz
Copying file:///home/shampad/Desktop/projects/bitwarden-password-manager/backups/vaultwarden-data_20251126_000002.tar.gz to gs://home-server-ss/bitwarden-backups/vaultwarden-data_20251126_000002.tar.gz
  
......

Average throughput: 86.7MiB/s
[2025-11-26 00:00:08] Upload successful
[2025-11-26 00:00:08] Checking backups for cleanup (retention: 7 days)
[2025-11-26 00:00:09] Total backups in GCS: 8
[2025-11-26 00:00:09] Cleaning up backups older than 7 days
[2025-11-26 00:00:11] Backup routine completed successfully
[2025-11-27 00:00:01] Triggering Vaultwarden in-container backup
[INFO] Using saved config from `data/config.json` for configuration.

[WARNING] The following environment variables are being overridden by the config.json file.
[WARNING] Please use the admin panel to make changes to them:
[WARNING] DOMAIN, ADMIN_TOKEN

[NOTICE] You are using a plain text `ADMIN_TOKEN` which is insecure.
Please generate a secure Argon2 PHC string by using `vaultwarden hash` or `argon2`.
See: https://github.com/dani-garcia/vaultwarden/wiki/Enabling-admin-page#secure-the-admin_token

Backup to 'data/db_20251126_170001.sqlite3' was successful
[2025-11-27 00:00:01] Detected 1 new backup artefact(s)
[2025-11-27 00:00:01] Copying db_20251126_170001.sqlite3 to local backup dir
[2025-11-27 00:00:01] Archiving /mnt/ssd/nas/bitwarden-data/vaultwarden -> vaultwarden-data_20251127_000001.tar.gz
[2025-11-27 00:00:03] Pruning local backups older than 7 day(s)
/home/shampad/Desktop/projects/bitwarden-password-manager/backups/db_20251118_170001.sqlite3
/home/shampad/Desktop/projects/bitwarden-password-manager/backups/vaultwarden-data_20251119_000001.tar.gz
[2025-11-27 00:00:03] Running remote sync command
[2025-11-27 00:00:03] Authenticating with service account
Activated service account credentials for: [gcs-782@home-server-475704.iam.gserviceaccount.com]
[2025-11-27 00:00:05] Uploading /home/shampad/Desktop/projects/bitwarden-password-manager/backups/vaultwarden-data_20251127_000001.tar.gz to gs://home-server-ss/bitwarden-backups/vaultwarden-data_20251127_000001.tar.gz
Copying file:///home/shampad/Desktop/projects/bitwarden-password-manager/backups/vaultwarden-data_20251127_000001.tar.gz to gs://home-server-ss/bitwarden-backups/vaultwarden-data_20251127_000001.tar.gz
  
......

Average throughput: 82.5MiB/s
[2025-11-27 00:00:07] Upload successful
[2025-11-27 00:00:07] Checking backups for cleanup (retention: 7 days)
[2025-11-27 00:00:09] Total backups in GCS: 8
[2025-11-27 00:00:09] Cleaning up backups older than 7 days
[2025-11-27 00:00:10] Backup routine completed successfully
[2025-11-28 00:00:01] Triggering Vaultwarden in-container backup
[INFO] Using saved config from `data/config.json` for configuration.

[WARNING] The following environment variables are being overridden by the config.json file.
[WARNING] Please use the admin panel to make changes to them:
[WARNING] DOMAIN, ADMIN_TOKEN

[NOTICE] You are using a plain text `ADMIN_TOKEN` which is insecure.
Please generate a secure Argon2 PHC string by using `vaultwarden hash` or `argon2`.
See: https://github.com/dani-garcia/vaultwarden/wiki/Enabling-admin-page#secure-the-admin_token

Backup to 'data/db_20251127_170001.sqlite3' was successful
[2025-11-28 00:00:01] Detected 1 new backup artefact(s)
[2025-11-28 00:00:01] Copying db_20251127_170001.sqlite3 to local backup dir
[2025-11-28 00:00:01] Archiving /mnt/ssd/nas/bitwarden-data/vaultwarden -> vaultwarden-data_20251128_000001.tar.gz
[2025-11-28 00:00:03] Pruning local backups older than 7 day(s)
/home/shampad/Desktop/projects/bitwarden-password-manager/backups/db_20251119_170001.sqlite3
/home/shampad/Desktop/projects/bitwarden-password-manager/backups/vaultwarden-data_20251120_000001.tar.gz
[2025-11-28 00:00:03] Running remote sync command
[2025-11-28 00:00:03] Authenticating with service account
Activated service account credentials for: [gcs-782@home-server-475704.iam.gserviceaccount.com]
[2025-11-28 00:00:04] Uploading /home/shampad/Desktop/projects/bitwarden-password-manager/backups/vaultwarden-data_20251128_000001.tar.gz to gs://home-server-ss/bitwarden-backups/vaultwarden-data_20251128_000001.tar.gz
Copying file:///home/shampad/Desktop/projects/bitwarden-password-manager/backups/vaultwarden-data_20251128_000001.tar.gz to gs://home-server-ss/bitwarden-backups/vaultwarden-data_20251128_000001.tar.gz
  
......

Average throughput: 86.0MiB/s
[2025-11-28 00:00:07] Upload successful
[2025-11-28 00:00:07] Checking backups for cleanup (retention: 7 days)
[2025-11-28 00:00:08] Total backups in GCS: 8
[2025-11-28 00:00:08] Cleaning up backups older than 7 days
[2025-11-28 00:00:10] Backup routine completed successfully
[2025-11-29 00:00:01] Triggering Vaultwarden in-container backup
[INFO] Using saved config from `data/config.json` for configuration.

[WARNING] The following environment variables are being overridden by the config.json file.
[WARNING] Please use the admin panel to make changes to them:
[WARNING] DOMAIN, ADMIN_TOKEN

[NOTICE] You are using a plain text `ADMIN_TOKEN` which is insecure.
Please generate a secure Argon2 PHC string by using `vaultwarden hash` or `argon2`.
See: https://github.com/dani-garcia/vaultwarden/wiki/Enabling-admin-page#secure-the-admin_token

Backup to 'data/db_20251128_170001.sqlite3' was successful
[2025-11-29 00:00:01] Detected 1 new backup artefact(s)
[2025-11-29 00:00:01] Copying db_20251128_170001.sqlite3 to local backup dir
[2025-11-29 00:00:01] Archiving /mnt/ssd/nas/bitwarden-data/vaultwarden -> vaultwarden-data_20251129_000001.tar.gz
[2025-11-29 00:00:03] Pruning local backups older than 7 day(s)
/home/shampad/Desktop/projects/bitwarden-password-manager/backups/db_20251120_170001.sqlite3
[2025-11-29 00:00:03] Running remote sync command
[2025-11-29 00:00:03] Authenticating with service account
Activated service account credentials for: [gcs-782@home-server-475704.iam.gserviceaccount.com]
[2025-11-29 00:00:04] Uploading /home/shampad/Desktop/projects/bitwarden-password-manager/backups/vaultwarden-data_20251129_000001.tar.gz to gs://home-server-ss/bitwarden-backups/vaultwarden-data_20251129_000001.tar.gz
Copying file:///home/shampad/Desktop/projects/bitwarden-password-manager/backups/vaultwarden-data_20251129_000001.tar.gz to gs://home-server-ss/bitwarden-backups/vaultwarden-data_20251129_000001.tar.gz
  
......

Average throughput: 81.7MiB/s
[2025-11-29 00:00:07] Upload successful
[2025-11-29 00:00:07] Checking backups for cleanup (retention: 7 days)
[2025-11-29 00:00:09] Total backups in GCS: 8
[2025-11-29 00:00:09] Cleaning up backups older than 7 days
[2025-11-29 00:00:10] Backup routine completed successfully
[2025-11-30 00:00:01] Triggering Vaultwarden in-container backup
[INFO] Using saved config from `data/config.json` for configuration.

[WARNING] The following environment variables are being overridden by the config.json file.
[WARNING] Please use the admin panel to make changes to them:
[WARNING] DOMAIN, ADMIN_TOKEN

[NOTICE] You are using a plain text `ADMIN_TOKEN` which is insecure.
Please generate a secure Argon2 PHC string by using `vaultwarden hash` or `argon2`.
See: https://github.com/dani-garcia/vaultwarden/wiki/Enabling-admin-page#secure-the-admin_token

Backup to 'data/db_20251129_170001.sqlite3' was successful
[2025-11-30 00:00:01] Detected 1 new backup artefact(s)
[2025-11-30 00:00:01] Copying db_20251129_170001.sqlite3 to local backup dir
[2025-11-30 00:00:02] Archiving /mnt/ssd/nas/bitwarden-data/vaultwarden -> vaultwarden-data_20251130_000001.tar.gz
[2025-11-30 00:00:03] Pruning local backups older than 7 day(s)
/home/shampad/Desktop/projects/bitwarden-password-manager/backups/db_20251121_170001.sqlite3
/home/shampad/Desktop/projects/bitwarden-password-manager/backups/vaultwarden-data_20251121_000001.tar.gz
/home/shampad/Desktop/projects/bitwarden-password-manager/backups/vaultwarden-data_20251122_000002.tar.gz
[2025-11-30 00:00:03] Running remote sync command
[2025-11-30 00:00:03] Authenticating with service account
Activated service account credentials for: [gcs-782@home-server-475704.iam.gserviceaccount.com]
[2025-11-30 00:00:05] Uploading /home/shampad/Desktop/projects/bitwarden-password-manager/backups/vaultwarden-data_20251130_000001.tar.gz to gs://home-server-ss/bitwarden-backups/vaultwarden-data_20251130_000001.tar.gz
Copying file:///home/shampad/Desktop/projects/bitwarden-password-manager/backups/vaultwarden-data_20251130_000001.tar.gz to gs://home-server-ss/bitwarden-backups/vaultwarden-data_20251130_000001.tar.gz
  
......

Average throughput: 84.0MiB/s
[2025-11-30 00:00:08] Upload successful
[2025-11-30 00:00:08] Checking backups for cleanup (retention: 7 days)
[2025-11-30 00:00:09] Total backups in GCS: 8
[2025-11-30 00:00:09] Cleaning up backups older than 7 days
[2025-11-30 00:00:10] Backup routine completed successfully
[2025-12-01 00:00:01] Triggering Vaultwarden in-container backup
[INFO] Using saved config from `data/config.json` for configuration.

[WARNING] The following environment variables are being overridden by the config.json file.
[WARNING] Please use the admin panel to make changes to them:
[WARNING] DOMAIN, ADMIN_TOKEN

[NOTICE] You are using a plain text `ADMIN_TOKEN` which is insecure.
Please generate a secure Argon2 PHC string by using `vaultwarden hash` or `argon2`.
See: https://github.com/dani-garcia/vaultwarden/wiki/Enabling-admin-page#secure-the-admin_token

Backup to 'data/db_20251130_170001.sqlite3' was successful
[2025-12-01 00:00:01] Detected 1 new backup artefact(s)
[2025-12-01 00:00:01] Copying db_20251130_170001.sqlite3 to local backup dir
[2025-12-01 00:00:01] Archiving /mnt/ssd/nas/bitwarden-data/vaultwarden -> vaultwarden-data_20251201_000001.tar.gz
[2025-12-01 00:00:03] Pruning local backups older than 7 day(s)
/home/shampad/Desktop/projects/bitwarden-password-manager/backups/db_20251122_170001.sqlite3
/home/shampad/Desktop/projects/bitwarden-password-manager/backups/vaultwarden-data_20251123_000001.tar.gz
[2025-12-01 00:00:03] Running remote sync command
[2025-12-01 00:00:03] Authenticating with service account
Activated service account credentials for: [gcs-782@home-server-475704.iam.gserviceaccount.com]
[2025-12-01 00:00:04] Uploading /home/shampad/Desktop/projects/bitwarden-password-manager/backups/vaultwarden-data_20251201_000001.tar.gz to gs://home-server-ss/bitwarden-backups/vaultwarden-data_20251201_000001.tar.gz
Copying file:///home/shampad/Desktop/projects/bitwarden-password-manager/backups/vaultwarden-data_20251201_000001.tar.gz to gs://home-server-ss/bitwarden-backups/vaultwarden-data_20251201_000001.tar.gz
  
......

Average throughput: 85.4MiB/s
[2025-12-01 00:00:07] Upload successful
[2025-12-01 00:00:07] Checking backups for cleanup (retention: 7 days)
[2025-12-01 00:00:09] Total backups in GCS: 8
[2025-12-01 00:00:09] Cleaning up backups older than 7 days
[2025-12-01 00:00:10] Backup routine completed successfully
[2025-12-02 00:00:01] Triggering Vaultwarden in-container backup
[INFO] Using saved config from `data/config.json` for configuration.

[WARNING] The following environment variables are being overridden by the config.json file.
[WARNING] Please use the admin panel to make changes to them:
[WARNING] DOMAIN, ADMIN_TOKEN

[NOTICE] You are using a plain text `ADMIN_TOKEN` which is insecure.
Please generate a secure Argon2 PHC string by using `vaultwarden hash` or `argon2`.
See: https://github.com/dani-garcia/vaultwarden/wiki/Enabling-admin-page#secure-the-admin_token

Backup to 'data/db_20251201_170001.sqlite3' was successful
[2025-12-02 00:00:01] Detected 1 new backup artefact(s)
[2025-12-02 00:00:01] Copying db_20251201_170001.sqlite3 to local backup dir
[2025-12-02 00:00:01] Archiving /mnt/ssd/nas/bitwarden-data/vaultwarden -> vaultwarden-data_20251202_000001.tar.gz
[2025-12-02 00:00:03] Pruning local backups older than 7 day(s)
/home/shampad/Desktop/projects/bitwarden-password-manager/backups/db_20251123_170001.sqlite3
/home/shampad/Desktop/projects/bitwarden-password-manager/backups/vaultwarden-data_20251124_000001.tar.gz
[2025-12-02 00:00:03] Running remote sync command
[2025-12-02 00:00:03] Authenticating with service account
Activated service account credentials for: [gcs-782@home-server-475704.iam.gserviceaccount.com]
[2025-12-02 00:00:05] Uploading /home/shampad/Desktop/projects/bitwarden-password-manager/backups/vaultwarden-data_20251202_000001.tar.gz to gs://home-server-ss/bitwarden-backups/vaultwarden-data_20251202_000001.tar.gz
Copying file:///home/shampad/Desktop/projects/bitwarden-password-manager/backups/vaultwarden-data_20251202_000001.tar.gz to gs://home-server-ss/bitwarden-backups/vaultwarden-data_20251202_000001.tar.gz
  
......

Average throughput: 83.7MiB/s
[2025-12-02 00:00:07] Upload successful
[2025-12-02 00:00:07] Checking backups for cleanup (retention: 7 days)
[2025-12-02 00:00:09] Total backups in GCS: 8
[2025-12-02 00:00:09] Cleaning up backups older than 7 days
[2025-12-02 00:00:10] Backup routine completed successfully
[2025-12-03 00:00:01] Triggering Vaultwarden in-container backup
[INFO] Using saved config from `data/config.json` for configuration.

[WARNING] The following environment variables are being overridden by the config.json file.
[WARNING] Please use the admin panel to make changes to them:
[WARNING] DOMAIN, ADMIN_TOKEN

[NOTICE] You are using a plain text `ADMIN_TOKEN` which is insecure.
Please generate a secure Argon2 PHC string by using `vaultwarden hash` or `argon2`.
See: https://github.com/dani-garcia/vaultwarden/wiki/Enabling-admin-page#secure-the-admin_token

Backup to 'data/db_20251202_170002.sqlite3' was successful
[2025-12-03 00:00:02] Detected 1 new backup artefact(s)
[2025-12-03 00:00:02] Copying db_20251202_170002.sqlite3 to local backup dir
[2025-12-03 00:00:02] Archiving /mnt/ssd/nas/bitwarden-data/vaultwarden -> vaultwarden-data_20251203_000002.tar.gz
[2025-12-03 00:00:04] Pruning local backups older than 7 day(s)
/home/shampad/Desktop/projects/bitwarden-password-manager/backups/db_20251124_170001.sqlite3
/home/shampad/Desktop/projects/bitwarden-password-manager/backups/vaultwarden-data_20251125_000001.tar.gz
[2025-12-03 00:00:04] Running remote sync command
[2025-12-03 00:00:04] Authenticating with service account
Activated service account credentials for: [gcs-782@home-server-475704.iam.gserviceaccount.com]
[2025-12-03 00:00:05] Uploading /home/shampad/Desktop/projects/bitwarden-password-manager/backups/vaultwarden-data_20251203_000002.tar.gz to gs://home-server-ss/bitwarden-backups/vaultwarden-data_20251203_000002.tar.gz
Copying file:///home/shampad/Desktop/projects/bitwarden-password-manager/backups/vaultwarden-data_20251203_000002.tar.gz to gs://home-server-ss/bitwarden-backups/vaultwarden-data_20251203_000002.tar.gz
  
......

Average throughput: 74.2MiB/s
[2025-12-03 00:00:08] Upload successful
[2025-12-03 00:00:08] Checking backups for cleanup (retention: 7 days)
[2025-12-03 00:00:09] Total backups in GCS: 8
[2025-12-03 00:00:09] Cleaning up backups older than 7 days
[2025-12-03 00:00:11] Backup routine completed successfully
[2025-12-04 00:00:01] Triggering Vaultwarden in-container backup
[INFO] Using saved config from `data/config.json` for configuration.

[WARNING] The following environment variables are being overridden by the config.json file.
[WARNING] Please use the admin panel to make changes to them:
[WARNING] DOMAIN, ADMIN_TOKEN

[NOTICE] You are using a plain text `ADMIN_TOKEN` which is insecure.
Please generate a secure Argon2 PHC string by using `vaultwarden hash` or `argon2`.
See: https://github.com/dani-garcia/vaultwarden/wiki/Enabling-admin-page#secure-the-admin_token

Backup to 'data/db_20251203_170001.sqlite3' was successful
[2025-12-04 00:00:01] Detected 1 new backup artefact(s)
[2025-12-04 00:00:01] Copying db_20251203_170001.sqlite3 to local backup dir
[2025-12-04 00:00:01] Archiving /mnt/ssd/nas/bitwarden-data/vaultwarden -> vaultwarden-data_20251204_000001.tar.gz
[2025-12-04 00:00:03] Pruning local backups older than 7 day(s)
/home/shampad/Desktop/projects/bitwarden-password-manager/backups/db_20251125_170002.sqlite3
[2025-12-04 00:00:03] Running remote sync command
[2025-12-04 00:00:03] Authenticating with service account
Activated service account credentials for: [gcs-782@home-server-475704.iam.gserviceaccount.com]
[2025-12-04 00:00:04] Uploading /home/shampad/Desktop/projects/bitwarden-password-manager/backups/vaultwarden-data_20251204_000001.tar.gz to gs://home-server-ss/bitwarden-backups/vaultwarden-data_20251204_000001.tar.gz
Copying file:///home/shampad/Desktop/projects/bitwarden-password-manager/backups/vaultwarden-data_20251204_000001.tar.gz to gs://home-server-ss/bitwarden-backups/vaultwarden-data_20251204_000001.tar.gz
  
...............

Average throughput: 68.9MiB/s
[2025-12-04 00:00:09] Upload successful
[2025-12-04 00:00:09] Checking backups for cleanup (retention: 7 days)
[2025-12-04 00:00:10] Total backups in GCS: 8
[2025-12-04 00:00:10] Cleaning up backups older than 7 days
[2025-12-04 00:00:11] Backup routine completed successfully
[2025-12-05 00:00:01] Triggering Vaultwarden in-container backup
[INFO] Using saved config from `data/config.json` for configuration.

[WARNING] The following environment variables are being overridden by the config.json file.
[WARNING] Please use the admin panel to make changes to them:
[WARNING] DOMAIN, ADMIN_TOKEN

[NOTICE] You are using a plain text `ADMIN_TOKEN` which is insecure.
Please generate a secure Argon2 PHC string by using `vaultwarden hash` or `argon2`.
See: https://github.com/dani-garcia/vaultwarden/wiki/Enabling-admin-page#secure-the-admin_token

Backup to 'data/db_20251204_170001.sqlite3' was successful
[2025-12-05 00:00:01] Detected 1 new backup artefact(s)
[2025-12-05 00:00:01] Copying db_20251204_170001.sqlite3 to local backup dir
[2025-12-05 00:00:01] Archiving /mnt/ssd/nas/bitwarden-data/vaultwarden -> vaultwarden-data_20251205_000001.tar.gz
[2025-12-05 00:00:03] Pruning local backups older than 7 day(s)
/home/shampad/Desktop/projects/bitwarden-password-manager/backups/db_20251126_170001.sqlite3
/home/shampad/Desktop/projects/bitwarden-password-manager/backups/vaultwarden-data_20251126_000002.tar.gz
[2025-12-05 00:00:03] Running remote sync command
[2025-12-05 00:00:03] Authenticating with service account
Activated service account credentials for: [gcs-782@home-server-475704.iam.gserviceaccount.com]
[2025-12-05 00:00:04] Uploading /home/shampad/Desktop/projects/bitwarden-password-manager/backups/vaultwarden-data_20251205_000001.tar.gz to gs://home-server-ss/bitwarden-backups/vaultwarden-data_20251205_000001.tar.gz
Copying file:///home/shampad/Desktop/projects/bitwarden-password-manager/backups/vaultwarden-data_20251205_000001.tar.gz to gs://home-server-ss/bitwarden-backups/vaultwarden-data_20251205_000001.tar.gz
  
......................

Average throughput: 45.2MiB/s
[2025-12-05 00:00:10] Upload successful
[2025-12-05 00:00:10] Checking backups for cleanup (retention: 7 days)
[2025-12-05 00:00:12] Total backups in GCS: 8
[2025-12-05 00:00:12] Cleaning up backups older than 7 days
[2025-12-05 00:00:13] Backup routine completed successfully
[2025-12-06 00:00:01] Triggering Vaultwarden in-container backup
[INFO] Using saved config from `data/config.json` for configuration.

[WARNING] The following environment variables are being overridden by the config.json file.
[WARNING] Please use the admin panel to make changes to them:
[WARNING] DOMAIN, ADMIN_TOKEN

[NOTICE] You are using a plain text `ADMIN_TOKEN` which is insecure.
Please generate a secure Argon2 PHC string by using `vaultwarden hash` or `argon2`.
See: https://github.com/dani-garcia/vaultwarden/wiki/Enabling-admin-page#secure-the-admin_token

Backup to 'data/db_20251205_170002.sqlite3' was successful
[2025-12-06 00:00:02] Detected 1 new backup artefact(s)
[2025-12-06 00:00:02] Copying db_20251205_170002.sqlite3 to local backup dir
[2025-12-06 00:00:02] Archiving /mnt/ssd/nas/bitwarden-data/vaultwarden -> vaultwarden-data_20251206_000002.tar.gz
[2025-12-06 00:00:04] Pruning local backups older than 7 day(s)
/home/shampad/Desktop/projects/bitwarden-password-manager/backups/db_20251127_170001.sqlite3
/home/shampad/Desktop/projects/bitwarden-password-manager/backups/vaultwarden-data_20251127_000001.tar.gz
/home/shampad/Desktop/projects/bitwarden-password-manager/backups/vaultwarden-data_20251128_000001.tar.gz
[2025-12-06 00:00:04] Running remote sync command
[2025-12-06 00:00:04] Authenticating with service account
Activated service account credentials for: [gcs-782@home-server-475704.iam.gserviceaccount.com]
[2025-12-06 00:00:05] Uploading /home/shampad/Desktop/projects/bitwarden-password-manager/backups/vaultwarden-data_20251206_000002.tar.gz to gs://home-server-ss/bitwarden-backups/vaultwarden-data_20251206_000002.tar.gz
Copying file:///home/shampad/Desktop/projects/bitwarden-password-manager/backups/vaultwarden-data_20251206_000002.tar.gz to gs://home-server-ss/bitwarden-backups/vaultwarden-data_20251206_000002.tar.gz
  
......

Average throughput: 83.9MiB/s
[2025-12-06 00:00:08] Upload successful
[2025-12-06 00:00:08] Checking backups for cleanup (retention: 7 days)
[2025-12-06 00:00:09] Total backups in GCS: 8
[2025-12-06 00:00:09] Cleaning up backups older than 7 days
[2025-12-06 00:00:11] Backup routine completed successfully
[2025-12-07 00:00:01] Triggering Vaultwarden in-container backup
[INFO] Using saved config from `data/config.json` for configuration.

[WARNING] The following environment variables are being overridden by the config.json file.
[WARNING] Please use the admin panel to make changes to them:
[WARNING] DOMAIN, ADMIN_TOKEN

[NOTICE] You are using a plain text `ADMIN_TOKEN` which is insecure.
Please generate a secure Argon2 PHC string by using `vaultwarden hash` or `argon2`.
See: https://github.com/dani-garcia/vaultwarden/wiki/Enabling-admin-page#secure-the-admin_token

Backup to 'data/db_20251206_170002.sqlite3' was successful
[2025-12-07 00:00:02] Detected 1 new backup artefact(s)
[2025-12-07 00:00:02] Copying db_20251206_170002.sqlite3 to local backup dir
[2025-12-07 00:00:02] Archiving /mnt/ssd/nas/bitwarden-data/vaultwarden -> vaultwarden-data_20251207_000002.tar.gz
[2025-12-07 00:00:04] Pruning local backups older than 7 day(s)
/home/shampad/Desktop/projects/bitwarden-password-manager/backups/db_20251128_170001.sqlite3
/home/shampad/Desktop/projects/bitwarden-password-manager/backups/vaultwarden-data_20251129_000001.tar.gz
[2025-12-07 00:00:04] Running remote sync command
[2025-12-07 00:00:04] Authenticating with service account
Activated service account credentials for: [gcs-782@home-server-475704.iam.gserviceaccount.com]
[2025-12-07 00:00:05] Uploading /home/shampad/Desktop/projects/bitwarden-password-manager/backups/vaultwarden-data_20251207_000002.tar.gz to gs://home-server-ss/bitwarden-backups/vaultwarden-data_20251207_000002.tar.gz
Copying file:///home/shampad/Desktop/projects/bitwarden-password-manager/backups/vaultwarden-data_20251207_000002.tar.gz to gs://home-server-ss/bitwarden-backups/vaultwarden-data_20251207_000002.tar.gz
  
..............

Average throughput: 75.3MiB/s
[2025-12-07 00:00:10] Upload successful
[2025-12-07 00:00:10] Checking backups for cleanup (retention: 7 days)
[2025-12-07 00:00:11] Total backups in GCS: 9
[2025-12-07 00:00:11] Cleaning up backups older than 7 days
[2025-12-07 00:00:13] Backup routine completed successfully
[2025-12-08 00:00:01] Triggering Vaultwarden in-container backup
[INFO] Using saved config from `data/config.json` for configuration.

[WARNING] The following environment variables are being overridden by the config.json file.
[WARNING] Please use the admin panel to make changes to them:
[WARNING] DOMAIN, ADMIN_TOKEN

[NOTICE] You are using a plain text `ADMIN_TOKEN` which is insecure.
Please generate a secure Argon2 PHC string by using `vaultwarden hash` or `argon2`.
See: https://github.com/dani-garcia/vaultwarden/wiki/Enabling-admin-page#secure-the-admin_token

Backup to 'data/db_20251207_170001.sqlite3' was successful
[2025-12-08 00:00:01] Detected 1 new backup artefact(s)
[2025-12-08 00:00:01] Copying db_20251207_170001.sqlite3 to local backup dir
[2025-12-08 00:00:01] Archiving /mnt/ssd/nas/bitwarden-data/vaultwarden -> vaultwarden-data_20251208_000001.tar.gz
[2025-12-08 00:00:03] Pruning local backups older than 7 day(s)
/home/shampad/Desktop/projects/bitwarden-password-manager/backups/db_20251129_170001.sqlite3
[2025-12-08 00:00:03] Running remote sync command
[2025-12-08 00:00:03] Authenticating with service account
Activated service account credentials for: [gcs-782@home-server-475704.iam.gserviceaccount.com]
[2025-12-08 00:00:04] Uploading /home/shampad/Desktop/projects/bitwarden-password-manager/backups/vaultwarden-data_20251208_000001.tar.gz to gs://home-server-ss/bitwarden-backups/vaultwarden-data_20251208_000001.tar.gz
Copying file:///home/shampad/Desktop/projects/bitwarden-password-manager/backups/vaultwarden-data_20251208_000001.tar.gz to gs://home-server-ss/bitwarden-backups/vaultwarden-data_20251208_000001.tar.gz
  
......

Average throughput: 68.6MiB/s
[2025-12-08 00:00:07] Upload successful
[2025-12-08 00:00:07] Checking backups for cleanup (retention: 7 days)
[2025-12-08 00:00:09] Total backups in GCS: 9
[2025-12-08 00:00:09] Cleaning up backups older than 7 days
[2025-12-08 00:00:10] Backup routine completed successfully
[2025-12-09 00:00:01] Triggering Vaultwarden in-container backup
[INFO] Using saved config from `data/config.json` for configuration.

[WARNING] The following environment variables are being overridden by the config.json file.
[WARNING] Please use the admin panel to make changes to them:
[WARNING] DOMAIN, ADMIN_TOKEN

[NOTICE] You are using a plain text `ADMIN_TOKEN` which is insecure.
Please generate a secure Argon2 PHC string by using `vaultwarden hash` or `argon2`.
See: https://github.com/dani-garcia/vaultwarden/wiki/Enabling-admin-page#secure-the-admin_token

Backup to 'data/db_20251208_170002.sqlite3' was successful
[2025-12-09 00:00:02] Detected 1 new backup artefact(s)
[2025-12-09 00:00:02] Copying db_20251208_170002.sqlite3 to local backup dir
[2025-12-09 00:00:02] Archiving /mnt/ssd/nas/bitwarden-data/vaultwarden -> vaultwarden-data_20251209_000002.tar.gz
[2025-12-09 00:00:04] Pruning local backups older than 7 day(s)
/home/shampad/Desktop/projects/bitwarden-password-manager/backups/db_20251130_170001.sqlite3
/home/shampad/Desktop/projects/bitwarden-password-manager/backups/vaultwarden-data_20251130_000001.tar.gz
/home/shampad/Desktop/projects/bitwarden-password-manager/backups/vaultwarden-data_20251201_000001.tar.gz
[2025-12-09 00:00:04] Running remote sync command
[2025-12-09 00:00:04] Authenticating with service account
Activated service account credentials for: [gcs-782@home-server-475704.iam.gserviceaccount.com]
[2025-12-09 00:00:05] Uploading /home/shampad/Desktop/projects/bitwarden-password-manager/backups/vaultwarden-data_20251209_000002.tar.gz to gs://home-server-ss/bitwarden-backups/vaultwarden-data_20251209_000002.tar.gz
Copying file:///home/shampad/Desktop/projects/bitwarden-password-manager/backups/vaultwarden-data_20251209_000002.tar.gz to gs://home-server-ss/bitwarden-backups/vaultwarden-data_20251209_000002.tar.gz
  
......

Average throughput: 76.1MiB/s
[2025-12-09 00:00:08] Upload successful
[2025-12-09 00:00:08] Checking backups for cleanup (retention: 7 days)
[2025-12-09 00:00:09] Total backups in GCS: 9
[2025-12-09 00:00:09] Cleaning up backups older than 7 days
[2025-12-09 00:00:11] Backup routine completed successfully
[2025-12-10 00:00:01] Triggering Vaultwarden in-container backup
[INFO] Using saved config from `data/config.json` for configuration.

[WARNING] The following environment variables are being overridden by the config.json file.
[WARNING] Please use the admin panel to make changes to them:
[WARNING] DOMAIN, ADMIN_TOKEN

[NOTICE] You are using a plain text `ADMIN_TOKEN` which is insecure.
Please generate a secure Argon2 PHC string by using `vaultwarden hash` or `argon2`.
See: https://github.com/dani-garcia/vaultwarden/wiki/Enabling-admin-page#secure-the-admin_token

Backup to 'data/db_20251209_170001.sqlite3' was successful
[2025-12-10 00:00:01] Detected 1 new backup artefact(s)
[2025-12-10 00:00:01] Copying db_20251209_170001.sqlite3 to local backup dir
[2025-12-10 00:00:01] Archiving /mnt/ssd/nas/bitwarden-data/vaultwarden -> vaultwarden-data_20251210_000001.tar.gz
[2025-12-10 00:00:03] Pruning local backups older than 7 day(s)
/home/shampad/Desktop/projects/bitwarden-password-manager/backups/db_20251201_170001.sqlite3
[2025-12-10 00:00:03] Running remote sync command
[2025-12-10 00:00:03] Authenticating with service account
Activated service account credentials for: [gcs-782@home-server-475704.iam.gserviceaccount.com]
[2025-12-10 00:00:04] Uploading /home/shampad/Desktop/projects/bitwarden-password-manager/backups/vaultwarden-data_20251210_000001.tar.gz to gs://home-server-ss/bitwarden-backups/vaultwarden-data_20251210_000001.tar.gz
Copying file:///home/shampad/Desktop/projects/bitwarden-password-manager/backups/vaultwarden-data_20251210_000001.tar.gz to gs://home-server-ss/bitwarden-backups/vaultwarden-data_20251210_000001.tar.gz
  
......

Average throughput: 84.2MiB/s
[2025-12-10 00:00:07] Upload successful
[2025-12-10 00:00:07] Checking backups for cleanup (retention: 7 days)
[2025-12-10 00:00:09] Total backups in GCS: 9
[2025-12-10 00:00:09] Cleaning up backups older than 7 days
[2025-12-10 00:00:10] Backup routine completed successfully
[2025-12-11 00:00:01] Triggering Vaultwarden in-container backup
[INFO] Using saved config from `data/config.json` for configuration.

[WARNING] The following environment variables are being overridden by the config.json file.
[WARNING] Please use the admin panel to make changes to them:
[WARNING] DOMAIN, ADMIN_TOKEN

[NOTICE] You are using a plain text `ADMIN_TOKEN` which is insecure.
Please generate a secure Argon2 PHC string by using `vaultwarden hash` or `argon2`.
See: https://github.com/dani-garcia/vaultwarden/wiki/Enabling-admin-page#secure-the-admin_token

Backup to 'data/db_20251210_170002.sqlite3' was successful
[2025-12-11 00:00:02] Detected 1 new backup artefact(s)
[2025-12-11 00:00:02] Copying db_20251210_170002.sqlite3 to local backup dir
[2025-12-11 00:00:02] Archiving /mnt/ssd/nas/bitwarden-data/vaultwarden -> vaultwarden-data_20251211_000002.tar.gz
[2025-12-11 00:00:04] Pruning local backups older than 7 day(s)
/home/shampad/Desktop/projects/bitwarden-password-manager/backups/db_20251202_170002.sqlite3
/home/shampad/Desktop/projects/bitwarden-password-manager/backups/vaultwarden-data_20251202_000001.tar.gz
/home/shampad/Desktop/projects/bitwarden-password-manager/backups/vaultwarden-data_20251203_000002.tar.gz
[2025-12-11 00:00:04] Running remote sync command
[2025-12-11 00:00:04] Authenticating with service account
Activated service account credentials for: [gcs-782@home-server-475704.iam.gserviceaccount.com]
[2025-12-11 00:00:05] Uploading /home/shampad/Desktop/projects/bitwarden-password-manager/backups/vaultwarden-data_20251211_000002.tar.gz to gs://home-server-ss/bitwarden-backups/vaultwarden-data_20251211_000002.tar.gz
Copying file:///home/shampad/Desktop/projects/bitwarden-password-manager/backups/vaultwarden-data_20251211_000002.tar.gz to gs://home-server-ss/bitwarden-backups/vaultwarden-data_20251211_000002.tar.gz
  
......

Average throughput: 77.9MiB/s
[2025-12-11 00:00:08] Upload successful
[2025-12-11 00:00:08] Checking backups for cleanup (retention: 7 days)
[2025-12-11 00:00:09] Total backups in GCS: 9
[2025-12-11 00:00:09] Cleaning up backups older than 7 days
[2025-12-11 00:00:11] Backup routine completed successfully
[2025-12-12 00:00:01] Triggering Vaultwarden in-container backup
[INFO] Using saved config from `data/config.json` for configuration.

[WARNING] The following environment variables are being overridden by the config.json file.
[WARNING] Please use the admin panel to make changes to them:
[WARNING] DOMAIN, ADMIN_TOKEN

[NOTICE] You are using a plain text `ADMIN_TOKEN` which is insecure.
Please generate a secure Argon2 PHC string by using `vaultwarden hash` or `argon2`.
See: https://github.com/dani-garcia/vaultwarden/wiki/Enabling-admin-page#secure-the-admin_token

Backup to 'data/db_20251211_170001.sqlite3' was successful
[2025-12-12 00:00:01] Detected 1 new backup artefact(s)
[2025-12-12 00:00:01] Copying db_20251211_170001.sqlite3 to local backup dir
[2025-12-12 00:00:01] Archiving /mnt/ssd/nas/bitwarden-data/vaultwarden -> vaultwarden-data_20251212_000001.tar.gz
[2025-12-12 00:00:04] Pruning local backups older than 7 day(s)
/home/shampad/Desktop/projects/bitwarden-password-manager/backups/db_20251203_170001.sqlite3
/home/shampad/Desktop/projects/bitwarden-password-manager/backups/vaultwarden-data_20251204_000001.tar.gz
[2025-12-12 00:00:04] Running remote sync command
[2025-12-12 00:00:04] Authenticating with service account
Activated service account credentials for: [gcs-782@home-server-475704.iam.gserviceaccount.com]
[2025-12-12 00:00:05] Uploading /home/shampad/Desktop/projects/bitwarden-password-manager/backups/vaultwarden-data_20251212_000001.tar.gz to gs://home-server-ss/bitwarden-backups/vaultwarden-data_20251212_000001.tar.gz
Copying file:///home/shampad/Desktop/projects/bitwarden-password-manager/backups/vaultwarden-data_20251212_000001.tar.gz to gs://home-server-ss/bitwarden-backups/vaultwarden-data_20251212_000001.tar.gz
  
......

Average throughput: 88.5MiB/s
[2025-12-12 00:00:08] Upload successful
[2025-12-12 00:00:08] Checking backups for cleanup (retention: 7 days)
[2025-12-12 00:00:09] Total backups in GCS: 9
[2025-12-12 00:00:09] Cleaning up backups older than 7 days
[2025-12-12 00:00:11] Backup routine completed successfully
[2025-12-13 00:00:01] Triggering Vaultwarden in-container backup
[INFO] Using saved config from `data/config.json` for configuration.

[WARNING] The following environment variables are being overridden by the config.json file.
[WARNING] Please use the admin panel to make changes to them:
[WARNING] DOMAIN, ADMIN_TOKEN

[NOTICE] You are using a plain text `ADMIN_TOKEN` which is insecure.
Please generate a secure Argon2 PHC string by using `vaultwarden hash` or `argon2`.
See: https://github.com/dani-garcia/vaultwarden/wiki/Enabling-admin-page#secure-the-admin_token

Backup to 'data/db_20251212_170001.sqlite3' was successful
[2025-12-13 00:00:01] Detected 1 new backup artefact(s)
[2025-12-13 00:00:01] Copying db_20251212_170001.sqlite3 to local backup dir
[2025-12-13 00:00:01] Archiving /mnt/ssd/nas/bitwarden-data/vaultwarden -> vaultwarden-data_20251213_000001.tar.gz
[2025-12-13 00:00:03] Pruning local backups older than 7 day(s)
/home/shampad/Desktop/projects/bitwarden-password-manager/backups/db_20251204_170001.sqlite3
/home/shampad/Desktop/projects/bitwarden-password-manager/backups/vaultwarden-data_20251205_000001.tar.gz
[2025-12-13 00:00:03] Running remote sync command
[2025-12-13 00:00:03] Authenticating with service account
Activated service account credentials for: [gcs-782@home-server-475704.iam.gserviceaccount.com]
[2025-12-13 00:00:04] Uploading /home/shampad/Desktop/projects/bitwarden-password-manager/backups/vaultwarden-data_20251213_000001.tar.gz to gs://home-server-ss/bitwarden-backups/vaultwarden-data_20251213_000001.tar.gz
Copying file:///home/shampad/Desktop/projects/bitwarden-password-manager/backups/vaultwarden-data_20251213_000001.tar.gz to gs://home-server-ss/bitwarden-backups/vaultwarden-data_20251213_000001.tar.gz
  
.......

Average throughput: 70.2MiB/s
[2025-12-13 00:00:08] Upload successful
[2025-12-13 00:00:08] Checking backups for cleanup (retention: 7 days)
[2025-12-13 00:00:09] Total backups in GCS: 9
[2025-12-13 00:00:09] Cleaning up backups older than 7 days
[2025-12-13 00:00:10] Backup routine completed successfully
[2025-12-14 00:00:01] Triggering Vaultwarden in-container backup
[INFO] Using saved config from `data/config.json` for configuration.

[WARNING] The following environment variables are being overridden by the config.json file.
[WARNING] Please use the admin panel to make changes to them:
[WARNING] DOMAIN, ADMIN_TOKEN

[NOTICE] You are using a plain text `ADMIN_TOKEN` which is insecure.
Please generate a secure Argon2 PHC string by using `vaultwarden hash` or `argon2`.
See: https://github.com/dani-garcia/vaultwarden/wiki/Enabling-admin-page#secure-the-admin_token

Backup to 'data/db_20251213_170001.sqlite3' was successful
[2025-12-14 00:00:01] Detected 1 new backup artefact(s)
[2025-12-14 00:00:01] Copying db_20251213_170001.sqlite3 to local backup dir
[2025-12-14 00:00:01] Archiving /mnt/ssd/nas/bitwarden-data/vaultwarden -> vaultwarden-data_20251214_000001.tar.gz
[2025-12-14 00:00:03] Pruning local backups older than 7 day(s)
/home/shampad/Desktop/projects/bitwarden-password-manager/backups/db_20251205_170002.sqlite3
[2025-12-14 00:00:03] Running remote sync command
[2025-12-14 00:00:03] Authenticating with service account
Activated service account credentials for: [gcs-782@home-server-475704.iam.gserviceaccount.com]
[2025-12-14 00:00:04] Uploading /home/shampad/Desktop/projects/bitwarden-password-manager/backups/vaultwarden-data_20251214_000001.tar.gz to gs://home-server-ss/bitwarden-backups/vaultwarden-data_20251214_000001.tar.gz
Copying file:///home/shampad/Desktop/projects/bitwarden-password-manager/backups/vaultwarden-data_20251214_000001.tar.gz to gs://home-server-ss/bitwarden-backups/vaultwarden-data_20251214_000001.tar.gz
  
......

Average throughput: 83.2MiB/s
[2025-12-14 00:00:10] Upload successful
[2025-12-14 00:00:10] Checking backups for cleanup (retention: 7 days)
[2025-12-14 00:00:11] Total backups in GCS: 9
[2025-12-14 00:00:11] Cleaning up backups older than 7 days
[2025-12-14 00:00:13] Backup routine completed successfully
[2025-12-15 00:00:01] Triggering Vaultwarden in-container backup
[INFO] Using saved config from `data/config.json` for configuration.

[WARNING] The following environment variables are being overridden by the config.json file.
[WARNING] Please use the admin panel to make changes to them:
[WARNING] DOMAIN, ADMIN_TOKEN

[NOTICE] You are using a plain text `ADMIN_TOKEN` which is insecure.
Please generate a secure Argon2 PHC string by using `vaultwarden hash` or `argon2`.
See: https://github.com/dani-garcia/vaultwarden/wiki/Enabling-admin-page#secure-the-admin_token

Backup to 'data/db_20251214_170001.sqlite3' was successful
[2025-12-15 00:00:01] Detected 1 new backup artefact(s)
[2025-12-15 00:00:01] Copying db_20251214_170001.sqlite3 to local backup dir
[2025-12-15 00:00:01] Archiving /mnt/ssd/nas/bitwarden-data/vaultwarden -> vaultwarden-data_20251215_000001.tar.gz
[2025-12-15 00:00:03] Pruning local backups older than 7 day(s)
/home/shampad/Desktop/projects/bitwarden-password-manager/backups/db_20251206_170002.sqlite3
/home/shampad/Desktop/projects/bitwarden-password-manager/backups/vaultwarden-data_20251206_000002.tar.gz
[2025-12-15 00:00:03] Running remote sync command
[2025-12-15 00:00:03] Authenticating with service account
Activated service account credentials for: [gcs-782@home-server-475704.iam.gserviceaccount.com]
[2025-12-15 00:00:04] Uploading /home/shampad/Desktop/projects/bitwarden-password-manager/backups/vaultwarden-data_20251215_000001.tar.gz to gs://home-server-ss/bitwarden-backups/vaultwarden-data_20251215_000001.tar.gz
Copying file:///home/shampad/Desktop/projects/bitwarden-password-manager/backups/vaultwarden-data_20251215_000001.tar.gz to gs://home-server-ss/bitwarden-backups/vaultwarden-data_20251215_000001.tar.gz
  
........

Average throughput: 63.2MiB/s
[2025-12-15 00:00:08] Upload successful
[2025-12-15 00:00:08] Checking backups for cleanup (retention: 7 days)
[2025-12-15 00:00:09] Total backups in GCS: 9
[2025-12-15 00:00:09] Cleaning up backups older than 7 days
[2025-12-15 00:00:11] Backup routine completed successfully
[2025-12-16 00:00:01] Triggering Vaultwarden in-container backup
[INFO] Using saved config from `data/config.json` for configuration.

[WARNING] The following environment variables are being overridden by the config.json file.
[WARNING] Please use the admin panel to make changes to them:
[WARNING] DOMAIN, ADMIN_TOKEN

[NOTICE] You are using a plain text `ADMIN_TOKEN` which is insecure.
Please generate a secure Argon2 PHC string by using `vaultwarden hash` or `argon2`.
See: https://github.com/dani-garcia/vaultwarden/wiki/Enabling-admin-page#secure-the-admin_token

Backup to 'data/db_20251215_170001.sqlite3' was successful
[2025-12-16 00:00:01] Detected 1 new backup artefact(s)
[2025-12-16 00:00:01] Copying db_20251215_170001.sqlite3 to local backup dir
[2025-12-16 00:00:01] Archiving /mnt/ssd/nas/bitwarden-data/vaultwarden -> vaultwarden-data_20251216_000001.tar.gz
[2025-12-16 00:00:04] Pruning local backups older than 7 day(s)
/home/shampad/Desktop/projects/bitwarden-password-manager/backups/db_20251207_170001.sqlite3
/home/shampad/Desktop/projects/bitwarden-password-manager/backups/vaultwarden-data_20251207_000002.tar.gz
/home/shampad/Desktop/projects/bitwarden-password-manager/backups/vaultwarden-data_20251208_000001.tar.gz
[2025-12-16 00:00:04] Running remote sync command
[2025-12-16 00:00:04] Authenticating with service account
Activated service account credentials for: [gcs-782@home-server-475704.iam.gserviceaccount.com]
[2025-12-16 00:00:05] Uploading /home/shampad/Desktop/projects/bitwarden-password-manager/backups/vaultwarden-data_20251216_000001.tar.gz to gs://home-server-ss/bitwarden-backups/vaultwarden-data_20251216_000001.tar.gz
Copying file:///home/shampad/Desktop/projects/bitwarden-password-manager/backups/vaultwarden-data_20251216_000001.tar.gz to gs://home-server-ss/bitwarden-backups/vaultwarden-data_20251216_000001.tar.gz
  
.......

Average throughput: 64.7MiB/s
[2025-12-16 00:00:08] Upload successful
[2025-12-16 00:00:08] Checking backups for cleanup (retention: 7 days)
[2025-12-16 00:00:09] Total backups in GCS: 9
[2025-12-16 00:00:09] Cleaning up backups older than 7 days
[2025-12-16 00:00:11] Backup routine completed successfully
[2025-12-17 00:00:01] Triggering Vaultwarden in-container backup
[INFO] Using saved config from `data/config.json` for configuration.

[WARNING] The following environment variables are being overridden by the config.json file.
[WARNING] Please use the admin panel to make changes to them:
[WARNING] DOMAIN, ADMIN_TOKEN

[NOTICE] You are using a plain text `ADMIN_TOKEN` which is insecure.
Please generate a secure Argon2 PHC string by using `vaultwarden hash` or `argon2`.
See: https://github.com/dani-garcia/vaultwarden/wiki/Enabling-admin-page#secure-the-admin_token

Backup to 'data/db_20251216_170001.sqlite3' was successful
[2025-12-17 00:00:01] Detected 1 new backup artefact(s)
[2025-12-17 00:00:01] Copying db_20251216_170001.sqlite3 to local backup dir
[2025-12-17 00:00:01] Archiving /mnt/ssd/nas/bitwarden-data/vaultwarden -> vaultwarden-data_20251217_000001.tar.gz
[2025-12-17 00:00:03] Pruning local backups older than 7 day(s)
/home/shampad/Desktop/projects/bitwarden-password-manager/backups/db_20251208_170002.sqlite3
[2025-12-17 00:00:03] Running remote sync command
[2025-12-17 00:00:03] Authenticating with service account
Activated service account credentials for: [gcs-782@home-server-475704.iam.gserviceaccount.com]
[2025-12-17 00:00:04] Uploading /home/shampad/Desktop/projects/bitwarden-password-manager/backups/vaultwarden-data_20251217_000001.tar.gz to gs://home-server-ss/bitwarden-backups/vaultwarden-data_20251217_000001.tar.gz
Copying file:///home/shampad/Desktop/projects/bitwarden-password-manager/backups/vaultwarden-data_20251217_000001.tar.gz to gs://home-server-ss/bitwarden-backups/vaultwarden-data_20251217_000001.tar.gz
  
.......

Average throughput: 73.0MiB/s
[2025-12-17 00:00:08] Upload successful
[2025-12-17 00:00:08] Checking backups for cleanup (retention: 7 days)
[2025-12-17 00:00:09] Total backups in GCS: 9
[2025-12-17 00:00:09] Cleaning up backups older than 7 days
[2025-12-17 00:00:10] Backup routine completed successfully
[2025-12-18 00:00:01] Triggering Vaultwarden in-container backup
[INFO] Using saved config from `data/config.json` for configuration.

[WARNING] The following environment variables are being overridden by the config.json file.
[WARNING] Please use the admin panel to make changes to them:
[WARNING] DOMAIN, ADMIN_TOKEN

[NOTICE] You are using a plain text `ADMIN_TOKEN` which is insecure.
Please generate a secure Argon2 PHC string by using `vaultwarden hash` or `argon2`.
See: https://github.com/dani-garcia/vaultwarden/wiki/Enabling-admin-page#secure-the-admin_token

Backup to 'data/db_20251217_170001.sqlite3' was successful
[2025-12-18 00:00:01] Detected 1 new backup artefact(s)
[2025-12-18 00:00:01] Copying db_20251217_170001.sqlite3 to local backup dir
[2025-12-18 00:00:01] Archiving /mnt/ssd/nas/bitwarden-data/vaultwarden -> vaultwarden-data_20251218_000001.tar.gz
[2025-12-18 00:00:03] Pruning local backups older than 7 day(s)
/home/shampad/Desktop/projects/bitwarden-password-manager/backups/db_20251209_170001.sqlite3
/home/shampad/Desktop/projects/bitwarden-password-manager/backups/vaultwarden-data_20251209_000002.tar.gz
/home/shampad/Desktop/projects/bitwarden-password-manager/backups/vaultwarden-data_20251210_000001.tar.gz
[2025-12-18 00:00:03] Running remote sync command
[2025-12-18 00:00:03] Authenticating with service account
Activated service account credentials for: [gcs-782@home-server-475704.iam.gserviceaccount.com]
[2025-12-18 00:00:04] Uploading /home/shampad/Desktop/projects/bitwarden-password-manager/backups/vaultwarden-data_20251218_000001.tar.gz to gs://home-server-ss/bitwarden-backups/vaultwarden-data_20251218_000001.tar.gz
Copying file:///home/shampad/Desktop/projects/bitwarden-password-manager/backups/vaultwarden-data_20251218_000001.tar.gz to gs://home-server-ss/bitwarden-backups/vaultwarden-data_20251218_000001.tar.gz
  
.......

Average throughput: 78.1MiB/s
[2025-12-18 00:00:07] Upload successful
[2025-12-18 00:00:07] Checking backups for cleanup (retention: 7 days)
[2025-12-18 00:00:09] Total backups in GCS: 9
[2025-12-18 00:00:09] Cleaning up backups older than 7 days
[2025-12-18 00:00:10] Backup routine completed successfully
[2025-12-19 00:00:01] Triggering Vaultwarden in-container backup
[INFO] Using saved config from `data/config.json` for configuration.

[WARNING] The following environment variables are being overridden by the config.json file.
[WARNING] Please use the admin panel to make changes to them:
[WARNING] DOMAIN, ADMIN_TOKEN

[NOTICE] You are using a plain text `ADMIN_TOKEN` which is insecure.
Please generate a secure Argon2 PHC string by using `vaultwarden hash` or `argon2`.
See: https://github.com/dani-garcia/vaultwarden/wiki/Enabling-admin-page#secure-the-admin_token

Backup to 'data/db_20251218_170001.sqlite3' was successful
[2025-12-19 00:00:01] Detected 1 new backup artefact(s)
[2025-12-19 00:00:01] Copying db_20251218_170001.sqlite3 to local backup dir
[2025-12-19 00:00:01] Archiving /mnt/ssd/nas/bitwarden-data/vaultwarden -> vaultwarden-data_20251219_000001.tar.gz
[2025-12-19 00:00:04] Pruning local backups older than 7 day(s)
/home/shampad/Desktop/projects/bitwarden-password-manager/backups/db_20251210_170002.sqlite3
/home/shampad/Desktop/projects/bitwarden-password-manager/backups/vaultwarden-data_20251211_000002.tar.gz
[2025-12-19 00:00:04] Running remote sync command
[2025-12-19 00:00:04] Authenticating with service account
Activated service account credentials for: [gcs-782@home-server-475704.iam.gserviceaccount.com]
[2025-12-19 00:00:05] Uploading /home/shampad/Desktop/projects/bitwarden-password-manager/backups/vaultwarden-data_20251219_000001.tar.gz to gs://home-server-ss/bitwarden-backups/vaultwarden-data_20251219_000001.tar.gz
Copying file:///home/shampad/Desktop/projects/bitwarden-password-manager/backups/vaultwarden-data_20251219_000001.tar.gz to gs://home-server-ss/bitwarden-backups/vaultwarden-data_20251219_000001.tar.gz
  
......

Average throughput: 87.1MiB/s
[2025-12-19 00:00:08] Upload successful
[2025-12-19 00:00:08] Checking backups for cleanup (retention: 7 days)
[2025-12-19 00:00:09] Total backups in GCS: 9
[2025-12-19 00:00:09] Cleaning up backups older than 7 days
[2025-12-19 00:00:11] Backup routine completed successfully
[2025-12-20 00:00:01] Triggering Vaultwarden in-container backup
[INFO] Using saved config from `data/config.json` for configuration.

[WARNING] The following environment variables are being overridden by the config.json file.
[WARNING] Please use the admin panel to make changes to them:
[WARNING] DOMAIN, ADMIN_TOKEN

[NOTICE] You are using a plain text `ADMIN_TOKEN` which is insecure.
Please generate a secure Argon2 PHC string by using `vaultwarden hash` or `argon2`.
See: https://github.com/dani-garcia/vaultwarden/wiki/Enabling-admin-page#secure-the-admin_token

Backup to 'data/db_20251219_170002.sqlite3' was successful
[2025-12-20 00:00:02] Detected 1 new backup artefact(s)
[2025-12-20 00:00:02] Copying db_20251219_170002.sqlite3 to local backup dir
[2025-12-20 00:00:02] Archiving /mnt/ssd/nas/bitwarden-data/vaultwarden -> vaultwarden-data_20251220_000002.tar.gz
[2025-12-20 00:00:04] Pruning local backups older than 7 day(s)
/home/shampad/Desktop/projects/bitwarden-password-manager/backups/db_20251211_170001.sqlite3
/home/shampad/Desktop/projects/bitwarden-password-manager/backups/vaultwarden-data_20251212_000001.tar.gz
[2025-12-20 00:00:04] Running remote sync command
[2025-12-20 00:00:04] Authenticating with service account
Activated service account credentials for: [gcs-782@home-server-475704.iam.gserviceaccount.com]
[2025-12-20 00:00:06] Uploading /home/shampad/Desktop/projects/bitwarden-password-manager/backups/vaultwarden-data_20251220_000002.tar.gz to gs://home-server-ss/bitwarden-backups/vaultwarden-data_20251220_000002.tar.gz
Copying file:///home/shampad/Desktop/projects/bitwarden-password-manager/backups/vaultwarden-data_20251220_000002.tar.gz to gs://home-server-ss/bitwarden-backups/vaultwarden-data_20251220_000002.tar.gz
  
......

Average throughput: 88.8MiB/s
[2025-12-20 00:00:08] Upload successful
[2025-12-20 00:00:08] Checking backups for cleanup (retention: 7 days)
[2025-12-20 00:00:10] Total backups in GCS: 9
[2025-12-20 00:00:10] Cleaning up backups older than 7 days
[2025-12-20 00:00:12] Backup routine completed successfully
[2025-12-21 00:00:01] Triggering Vaultwarden in-container backup
[INFO] Using saved config from `data/config.json` for configuration.

[WARNING] The following environment variables are being overridden by the config.json file.
[WARNING] Please use the admin panel to make changes to them:
[WARNING] DOMAIN, ADMIN_TOKEN

[NOTICE] You are using a plain text `ADMIN_TOKEN` which is insecure.
Please generate a secure Argon2 PHC string by using `vaultwarden hash` or `argon2`.
See: https://github.com/dani-garcia/vaultwarden/wiki/Enabling-admin-page#secure-the-admin_token

Backup to 'data/db_20251220_170001.sqlite3' was successful
[2025-12-21 00:00:01] Detected 1 new backup artefact(s)
[2025-12-21 00:00:01] Copying db_20251220_170001.sqlite3 to local backup dir
[2025-12-21 00:00:01] Archiving /mnt/ssd/nas/bitwarden-data/vaultwarden -> vaultwarden-data_20251221_000001.tar.gz
[2025-12-21 00:00:04] Pruning local backups older than 7 day(s)
/home/shampad/Desktop/projects/bitwarden-password-manager/backups/db_20251212_170001.sqlite3
/home/shampad/Desktop/projects/bitwarden-password-manager/backups/vaultwarden-data_20251213_000001.tar.gz
[2025-12-21 00:00:04] Running remote sync command
[2025-12-21 00:00:04] Authenticating with service account
Activated service account credentials for: [gcs-782@home-server-475704.iam.gserviceaccount.com]
[2025-12-21 00:00:05] Uploading /home/shampad/Desktop/projects/bitwarden-password-manager/backups/vaultwarden-data_20251221_000001.tar.gz to gs://home-server-ss/bitwarden-backups/vaultwarden-data_20251221_000001.tar.gz
Copying file:///home/shampad/Desktop/projects/bitwarden-password-manager/backups/vaultwarden-data_20251221_000001.tar.gz to gs://home-server-ss/bitwarden-backups/vaultwarden-data_20251221_000001.tar.gz
  
......

Average throughput: 88.7MiB/s
[2025-12-21 00:00:08] Upload successful
[2025-12-21 00:00:08] Checking backups for cleanup (retention: 7 days)
[2025-12-21 00:00:10] Total backups in GCS: 9
[2025-12-21 00:00:10] Cleaning up backups older than 7 days
[2025-12-21 00:00:11] Backup routine completed successfully
[2025-12-22 00:00:01] Triggering Vaultwarden in-container backup
[INFO] Using saved config from `data/config.json` for configuration.

[WARNING] The following environment variables are being overridden by the config.json file.
[WARNING] Please use the admin panel to make changes to them:
[WARNING] DOMAIN, ADMIN_TOKEN

[NOTICE] You are using a plain text `ADMIN_TOKEN` which is insecure.
Please generate a secure Argon2 PHC string by using `vaultwarden hash` or `argon2`.
See: https://github.com/dani-garcia/vaultwarden/wiki/Enabling-admin-page#secure-the-admin_token

Backup to 'data/db_20251221_170002.sqlite3' was successful
[2025-12-22 00:00:02] Detected 1 new backup artefact(s)
[2025-12-22 00:00:02] Copying db_20251221_170002.sqlite3 to local backup dir
[2025-12-22 00:00:02] Archiving /mnt/ssd/nas/bitwarden-data/vaultwarden -> vaultwarden-data_20251222_000002.tar.gz
[2025-12-22 00:00:04] Pruning local backups older than 7 day(s)
/home/shampad/Desktop/projects/bitwarden-password-manager/backups/db_20251213_170001.sqlite3
/home/shampad/Desktop/projects/bitwarden-password-manager/backups/vaultwarden-data_20251214_000001.tar.gz
[2025-12-22 00:00:04] Running remote sync command
[2025-12-22 00:00:04] Authenticating with service account
Activated service account credentials for: [gcs-782@home-server-475704.iam.gserviceaccount.com]
[2025-12-22 00:00:05] Uploading /home/shampad/Desktop/projects/bitwarden-password-manager/backups/vaultwarden-data_20251222_000002.tar.gz to gs://home-server-ss/bitwarden-backups/vaultwarden-data_20251222_000002.tar.gz
Copying file:///home/shampad/Desktop/projects/bitwarden-password-manager/backups/vaultwarden-data_20251222_000002.tar.gz to gs://home-server-ss/bitwarden-backups/vaultwarden-data_20251222_000002.tar.gz
  
......

Average throughput: 82.2MiB/s
[2025-12-22 00:00:08] Upload successful
[2025-12-22 00:00:08] Checking backups for cleanup (retention: 7 days)
[2025-12-22 00:00:10] Total backups in GCS: 9
[2025-12-22 00:00:10] Cleaning up backups older than 7 days
[2025-12-22 00:00:11] Backup routine completed successfully
[2025-12-23 00:00:01] Triggering Vaultwarden in-container backup
[INFO] Using saved config from `data/config.json` for configuration.

[WARNING] The following environment variables are being overridden by the config.json file.
[WARNING] Please use the admin panel to make changes to them:
[WARNING] DOMAIN, ADMIN_TOKEN

[NOTICE] You are using a plain text `ADMIN_TOKEN` which is insecure.
Please generate a secure Argon2 PHC string by using `vaultwarden hash` or `argon2`.
See: https://github.com/dani-garcia/vaultwarden/wiki/Enabling-admin-page#secure-the-admin_token

Backup to 'data/db_20251222_170001.sqlite3' was successful
[2025-12-23 00:00:02] Detected 1 new backup artefact(s)
[2025-12-23 00:00:02] Copying db_20251222_170001.sqlite3 to local backup dir
[2025-12-23 00:00:02] Archiving /mnt/ssd/nas/bitwarden-data/vaultwarden -> vaultwarden-data_20251223_000002.tar.gz
[2025-12-23 00:00:04] Pruning local backups older than 7 day(s)
/home/shampad/Desktop/projects/bitwarden-password-manager/backups/db_20251214_170001.sqlite3
/home/shampad/Desktop/projects/bitwarden-password-manager/backups/vaultwarden-data_20251215_000001.tar.gz
[2025-12-23 00:00:04] Running remote sync command
[2025-12-23 00:00:04] Authenticating with service account
Activated service account credentials for: [gcs-782@home-server-475704.iam.gserviceaccount.com]
[2025-12-23 00:00:05] Uploading /home/shampad/Desktop/projects/bitwarden-password-manager/backups/vaultwarden-data_20251223_000002.tar.gz to gs://home-server-ss/bitwarden-backups/vaultwarden-data_20251223_000002.tar.gz
Copying file:///home/shampad/Desktop/projects/bitwarden-password-manager/backups/vaultwarden-data_20251223_000002.tar.gz to gs://home-server-ss/bitwarden-backups/vaultwarden-data_20251223_000002.tar.gz
  
.......

Average throughput: 83.7MiB/s
[2025-12-23 00:00:09] Upload successful
[2025-12-23 00:00:09] Checking backups for cleanup (retention: 7 days)
[2025-12-23 00:00:10] Total backups in GCS: 9
[2025-12-23 00:00:10] Cleaning up backups older than 7 days
[2025-12-23 00:00:12] Backup routine completed successfully
[2025-12-24 00:00:01] Triggering Vaultwarden in-container backup
[INFO] Using saved config from `data/config.json` for configuration.

[WARNING] The following environment variables are being overridden by the config.json file.
[WARNING] Please use the admin panel to make changes to them:
[WARNING] DOMAIN, ADMIN_TOKEN

[NOTICE] You are using a plain text `ADMIN_TOKEN` which is insecure.
Please generate a secure Argon2 PHC string by using `vaultwarden hash` or `argon2`.
See: https://github.com/dani-garcia/vaultwarden/wiki/Enabling-admin-page#secure-the-admin_token

Backup to 'data/db_20251223_170001.sqlite3' was successful
[2025-12-24 00:00:02] Detected 1 new backup artefact(s)
[2025-12-24 00:00:02] Copying db_20251223_170001.sqlite3 to local backup dir
[2025-12-24 00:00:02] Archiving /mnt/ssd/nas/bitwarden-data/vaultwarden -> vaultwarden-data_20251224_000002.tar.gz
[2025-12-24 00:00:04] Pruning local backups older than 7 day(s)
/home/shampad/Desktop/projects/bitwarden-password-manager/backups/db_20251215_170001.sqlite3
/home/shampad/Desktop/projects/bitwarden-password-manager/backups/vaultwarden-data_20251216_000001.tar.gz
[2025-12-24 00:00:04] Running remote sync command
[2025-12-24 00:00:04] Authenticating with service account
Activated service account credentials for: [gcs-782@home-server-475704.iam.gserviceaccount.com]
[2025-12-24 00:00:05] Uploading /home/shampad/Desktop/projects/bitwarden-password-manager/backups/vaultwarden-data_20251224_000002.tar.gz to gs://home-server-ss/bitwarden-backups/vaultwarden-data_20251224_000002.tar.gz
Copying file:///home/shampad/Desktop/projects/bitwarden-password-manager/backups/vaultwarden-data_20251224_000002.tar.gz to gs://home-server-ss/bitwarden-backups/vaultwarden-data_20251224_000002.tar.gz
  
..............

Average throughput: 74.6MiB/s
[2025-12-24 00:00:10] Upload successful
[2025-12-24 00:00:10] Checking backups for cleanup (retention: 7 days)
[2025-12-24 00:00:11] Total backups in GCS: 9
[2025-12-24 00:00:11] Cleaning up backups older than 7 days
[2025-12-24 00:00:13] Backup routine completed successfully
[2025-12-25 00:00:01] Triggering Vaultwarden in-container backup
[INFO] Using saved config from `data/config.json` for configuration.

[WARNING] The following environment variables are being overridden by the config.json file.
[WARNING] Please use the admin panel to make changes to them:
[WARNING] DOMAIN, ADMIN_TOKEN

[NOTICE] You are using a plain text `ADMIN_TOKEN` which is insecure.
Please generate a secure Argon2 PHC string by using `vaultwarden hash` or `argon2`.
See: https://github.com/dani-garcia/vaultwarden/wiki/Enabling-admin-page#secure-the-admin_token

Backup to 'data/db_20251224_170001.sqlite3' was successful
[2025-12-25 00:00:01] Detected 1 new backup artefact(s)
[2025-12-25 00:00:01] Copying db_20251224_170001.sqlite3 to local backup dir
[2025-12-25 00:00:01] Archiving /mnt/ssd/nas/bitwarden-data/vaultwarden -> vaultwarden-data_20251225_000001.tar.gz
[2025-12-25 00:00:04] Pruning local backups older than 7 day(s)
/home/shampad/Desktop/projects/bitwarden-password-manager/backups/db_20251216_170001.sqlite3
/home/shampad/Desktop/projects/bitwarden-password-manager/backups/vaultwarden-data_20251217_000001.tar.gz
[2025-12-25 00:00:04] Running remote sync command
[2025-12-25 00:00:04] Authenticating with service account
Activated service account credentials for: [gcs-782@home-server-475704.iam.gserviceaccount.com]
[2025-12-25 00:00:05] Uploading /home/shampad/Desktop/projects/bitwarden-password-manager/backups/vaultwarden-data_20251225_000001.tar.gz to gs://home-server-ss/bitwarden-backups/vaultwarden-data_20251225_000001.tar.gz
Copying file:///home/shampad/Desktop/projects/bitwarden-password-manager/backups/vaultwarden-data_20251225_000001.tar.gz to gs://home-server-ss/bitwarden-backups/vaultwarden-data_20251225_000001.tar.gz
  
.......

Average throughput: 77.3MiB/s
[2025-12-25 00:00:08] Upload successful
[2025-12-25 00:00:08] Checking backups for cleanup (retention: 7 days)
[2025-12-25 00:00:10] Total backups in GCS: 9
[2025-12-25 00:00:10] Cleaning up backups older than 7 days
[2025-12-25 00:00:11] Backup routine completed successfully
[2025-12-26 00:00:01] Triggering Vaultwarden in-container backup
[INFO] Using saved config from `data/config.json` for configuration.

[WARNING] The following environment variables are being overridden by the config.json file.
[WARNING] Please use the admin panel to make changes to them:
[WARNING] DOMAIN, ADMIN_TOKEN

[NOTICE] You are using a plain text `ADMIN_TOKEN` which is insecure.
Please generate a secure Argon2 PHC string by using `vaultwarden hash` or `argon2`.
See: https://github.com/dani-garcia/vaultwarden/wiki/Enabling-admin-page#secure-the-admin_token

Backup to 'data/db_20251225_170002.sqlite3' was successful
[2025-12-26 00:00:02] Detected 1 new backup artefact(s)
[2025-12-26 00:00:02] Copying db_20251225_170002.sqlite3 to local backup dir
[2025-12-26 00:00:02] Archiving /mnt/ssd/nas/bitwarden-data/vaultwarden -> vaultwarden-data_20251226_000002.tar.gz
[2025-12-26 00:00:04] Pruning local backups older than 7 day(s)
/home/shampad/Desktop/projects/bitwarden-password-manager/backups/db_20251217_170001.sqlite3
/home/shampad/Desktop/projects/bitwarden-password-manager/backups/vaultwarden-data_20251218_000001.tar.gz
[2025-12-26 00:00:04] Running remote sync command
[2025-12-26 00:00:04] Authenticating with service account
Activated service account credentials for: [gcs-782@home-server-475704.iam.gserviceaccount.com]
[2025-12-26 00:00:07] Uploading /home/shampad/Desktop/projects/bitwarden-password-manager/backups/vaultwarden-data_20251226_000002.tar.gz to gs://home-server-ss/bitwarden-backups/vaultwarden-data_20251226_000002.tar.gz
Copying file:///home/shampad/Desktop/projects/bitwarden-password-manager/backups/vaultwarden-data_20251226_000002.tar.gz to gs://home-server-ss/bitwarden-backups/vaultwarden-data_20251226_000002.tar.gz
  
......

Average throughput: 82.3MiB/s
[2025-12-26 00:00:10] Upload successful
[2025-12-26 00:00:10] Checking backups for cleanup (retention: 7 days)
[2025-12-26 00:00:11] Total backups in GCS: 9
[2025-12-26 00:00:11] Cleaning up backups older than 7 days
[2025-12-26 00:00:13] Backup routine completed successfully
[2025-12-27 00:00:02] Triggering Vaultwarden in-container backup
[INFO] Using saved config from `data/config.json` for configuration.

[WARNING] The following environment variables are being overridden by the config.json file.
[WARNING] Please use the admin panel to make changes to them:
[WARNING] DOMAIN, ADMIN_TOKEN

[NOTICE] You are using a plain text `ADMIN_TOKEN` which is insecure.
Please generate a secure Argon2 PHC string by using `vaultwarden hash` or `argon2`.
See: https://github.com/dani-garcia/vaultwarden/wiki/Enabling-admin-page#secure-the-admin_token

Backup to 'data/db_20251226_170002.sqlite3' was successful
[2025-12-27 00:00:02] Detected 1 new backup artefact(s)
[2025-12-27 00:00:02] Copying db_20251226_170002.sqlite3 to local backup dir
[2025-12-27 00:00:02] Archiving /mnt/ssd/nas/bitwarden-data/vaultwarden -> vaultwarden-data_20251227_000002.tar.gz
[2025-12-27 00:00:04] Pruning local backups older than 7 day(s)
/home/shampad/Desktop/projects/bitwarden-password-manager/backups/db_20251218_170001.sqlite3
/home/shampad/Desktop/projects/bitwarden-password-manager/backups/vaultwarden-data_20251219_000001.tar.gz
[2025-12-27 00:00:04] Running remote sync command
[2025-12-27 00:00:04] Authenticating with service account
Activated service account credentials for: [gcs-782@home-server-475704.iam.gserviceaccount.com]
[2025-12-27 00:00:06] Uploading /home/shampad/Desktop/projects/bitwarden-password-manager/backups/vaultwarden-data_20251227_000002.tar.gz to gs://home-server-ss/bitwarden-backups/vaultwarden-data_20251227_000002.tar.gz
Copying file:///home/shampad/Desktop/projects/bitwarden-password-manager/backups/vaultwarden-data_20251227_000002.tar.gz to gs://home-server-ss/bitwarden-backups/vaultwarden-data_20251227_000002.tar.gz
  
.......

Average throughput: 83.3MiB/s
[2025-12-27 00:00:10] Upload successful
[2025-12-27 00:00:10] Checking backups for cleanup (retention: 7 days)
[2025-12-27 00:00:11] Total backups in GCS: 9
[2025-12-27 00:00:11] Cleaning up backups older than 7 days
[2025-12-27 00:00:13] Backup routine completed successfully
[2025-12-28 00:00:01] Triggering Vaultwarden in-container backup
[INFO] Using saved config from `data/config.json` for configuration.

[WARNING] The following environment variables are being overridden by the config.json file.
[WARNING] Please use the admin panel to make changes to them:
[WARNING] DOMAIN, ADMIN_TOKEN

[NOTICE] You are using a plain text `ADMIN_TOKEN` which is insecure.
Please generate a secure Argon2 PHC string by using `vaultwarden hash` or `argon2`.
See: https://github.com/dani-garcia/vaultwarden/wiki/Enabling-admin-page#secure-the-admin_token

Backup to 'data/db_20251227_170001.sqlite3' was successful
[2025-12-28 00:00:01] Detected 1 new backup artefact(s)
[2025-12-28 00:00:01] Copying db_20251227_170001.sqlite3 to local backup dir
[2025-12-28 00:00:01] Archiving /mnt/ssd/nas/bitwarden-data/vaultwarden -> vaultwarden-data_20251228_000001.tar.gz
[2025-12-28 00:00:04] Pruning local backups older than 7 day(s)
/home/shampad/Desktop/projects/bitwarden-password-manager/backups/db_20251219_170002.sqlite3
[2025-12-28 00:00:04] Running remote sync command
[2025-12-28 00:00:04] Authenticating with service account
Activated service account credentials for: [gcs-782@home-server-475704.iam.gserviceaccount.com]
[2025-12-28 00:00:06] Uploading /home/shampad/Desktop/projects/bitwarden-password-manager/backups/vaultwarden-data_20251228_000001.tar.gz to gs://home-server-ss/bitwarden-backups/vaultwarden-data_20251228_000001.tar.gz
Copying file:///home/shampad/Desktop/projects/bitwarden-password-manager/backups/vaultwarden-data_20251228_000001.tar.gz to gs://home-server-ss/bitwarden-backups/vaultwarden-data_20251228_000001.tar.gz
  
......

Average throughput: 86.5MiB/s
[2025-12-28 00:00:09] Upload successful
[2025-12-28 00:00:09] Checking backups for cleanup (retention: 7 days)
[2025-12-28 00:00:10] Total backups in GCS: 9
[2025-12-28 00:00:10] Cleaning up backups older than 7 days
[2025-12-28 00:00:12] Backup routine completed successfully
[2025-12-29 00:00:01] Triggering Vaultwarden in-container backup
[INFO] Using saved config from `data/config.json` for configuration.

[WARNING] The following environment variables are being overridden by the config.json file.
[WARNING] Please use the admin panel to make changes to them:
[WARNING] DOMAIN, ADMIN_TOKEN

[NOTICE] You are using a plain text `ADMIN_TOKEN` which is insecure.
Please generate a secure Argon2 PHC string by using `vaultwarden hash` or `argon2`.
See: https://github.com/dani-garcia/vaultwarden/wiki/Enabling-admin-page#secure-the-admin_token

Backup to 'data/db_20251228_170001.sqlite3' was successful
[2025-12-29 00:00:01] Detected 1 new backup artefact(s)
[2025-12-29 00:00:01] Copying db_20251228_170001.sqlite3 to local backup dir
[2025-12-29 00:00:01] Archiving /mnt/ssd/nas/bitwarden-data/vaultwarden -> vaultwarden-data_20251229_000001.tar.gz
[2025-12-29 00:00:04] Pruning local backups older than 7 day(s)
/home/shampad/Desktop/projects/bitwarden-password-manager/backups/db_20251220_170001.sqlite3
/home/shampad/Desktop/projects/bitwarden-password-manager/backups/vaultwarden-data_20251221_000001.tar.gz
/home/shampad/Desktop/projects/bitwarden-password-manager/backups/vaultwarden-data_20251220_000002.tar.gz
[2025-12-29 00:00:04] Running remote sync command
[2025-12-29 00:00:04] Authenticating with service account
Activated service account credentials for: [gcs-782@home-server-475704.iam.gserviceaccount.com]
[2025-12-29 00:00:06] Uploading /home/shampad/Desktop/projects/bitwarden-password-manager/backups/vaultwarden-data_20251229_000001.tar.gz to gs://home-server-ss/bitwarden-backups/vaultwarden-data_20251229_000001.tar.gz
Copying file:///home/shampad/Desktop/projects/bitwarden-password-manager/backups/vaultwarden-data_20251229_000001.tar.gz to gs://home-server-ss/bitwarden-backups/vaultwarden-data_20251229_000001.tar.gz
  
.......

Average throughput: 83.4MiB/s
[2025-12-29 00:00:09] Upload successful
[2025-12-29 00:00:09] Checking backups for cleanup (retention: 7 days)
[2025-12-29 00:00:11] Total backups in GCS: 9
[2025-12-29 00:00:11] Cleaning up backups older than 7 days
[2025-12-29 00:00:12] Backup routine completed successfully
[2025-12-30 00:00:01] Triggering Vaultwarden in-container backup
[INFO] Using saved config from `data/config.json` for configuration.

[WARNING] The following environment variables are being overridden by the config.json file.
[WARNING] Please use the admin panel to make changes to them:
[WARNING] DOMAIN, ADMIN_TOKEN

[NOTICE] You are using a plain text `ADMIN_TOKEN` which is insecure.
Please generate a secure Argon2 PHC string by using `vaultwarden hash` or `argon2`.
See: https://github.com/dani-garcia/vaultwarden/wiki/Enabling-admin-page#secure-the-admin_token

Backup to 'data/db_20251229_170002.sqlite3' was successful
[2025-12-30 00:00:02] Detected 1 new backup artefact(s)
[2025-12-30 00:00:02] Copying db_20251229_170002.sqlite3 to local backup dir
[2025-12-30 00:00:02] Archiving /mnt/ssd/nas/bitwarden-data/vaultwarden -> vaultwarden-data_20251230_000002.tar.gz
[2025-12-30 00:00:04] Pruning local backups older than 7 day(s)
/home/shampad/Desktop/projects/bitwarden-password-manager/backups/db_20251221_170002.sqlite3
/home/shampad/Desktop/projects/bitwarden-password-manager/backups/vaultwarden-data_20251222_000002.tar.gz
[2025-12-30 00:00:04] Running remote sync command
[2025-12-30 00:00:04] Authenticating with service account
Activated service account credentials for: [gcs-782@home-server-475704.iam.gserviceaccount.com]
[2025-12-30 00:00:06] Uploading /home/shampad/Desktop/projects/bitwarden-password-manager/backups/vaultwarden-data_20251230_000002.tar.gz to gs://home-server-ss/bitwarden-backups/vaultwarden-data_20251230_000002.tar.gz
Copying file:///home/shampad/Desktop/projects/bitwarden-password-manager/backups/vaultwarden-data_20251230_000002.tar.gz to gs://home-server-ss/bitwarden-backups/vaultwarden-data_20251230_000002.tar.gz
  
......

Average throughput: 86.5MiB/s
[2025-12-30 00:00:09] Upload successful
[2025-12-30 00:00:09] Checking backups for cleanup (retention: 7 days)
[2025-12-30 00:00:11] Total backups in GCS: 9
[2025-12-30 00:00:11] Cleaning up backups older than 7 days
[2025-12-30 00:00:12] Backup routine completed successfully
[2025-12-31 00:00:01] Triggering Vaultwarden in-container backup
[INFO] Using saved config from `data/config.json` for configuration.

[WARNING] The following environment variables are being overridden by the config.json file.
[WARNING] Please use the admin panel to make changes to them:
[WARNING] DOMAIN, ADMIN_TOKEN

[NOTICE] You are using a plain text `ADMIN_TOKEN` which is insecure.
Please generate a secure Argon2 PHC string by using `vaultwarden hash` or `argon2`.
See: https://github.com/dani-garcia/vaultwarden/wiki/Enabling-admin-page#secure-the-admin_token

Backup to 'data/db_20251230_170001.sqlite3' was successful
[2025-12-31 00:00:01] Detected 1 new backup artefact(s)
[2025-12-31 00:00:01] Copying db_20251230_170001.sqlite3 to local backup dir
[2025-12-31 00:00:01] Archiving /mnt/ssd/nas/bitwarden-data/vaultwarden -> vaultwarden-data_20251231_000001.tar.gz
[2025-12-31 00:00:04] Pruning local backups older than 7 day(s)
/home/shampad/Desktop/projects/bitwarden-password-manager/backups/db_20251222_170001.sqlite3
/home/shampad/Desktop/projects/bitwarden-password-manager/backups/vaultwarden-data_20251223_000002.tar.gz
[2025-12-31 00:00:04] Running remote sync command
[2025-12-31 00:00:04] Authenticating with service account
Activated service account credentials for: [gcs-782@home-server-475704.iam.gserviceaccount.com]
[2025-12-31 00:00:06] Uploading /home/shampad/Desktop/projects/bitwarden-password-manager/backups/vaultwarden-data_20251231_000001.tar.gz to gs://home-server-ss/bitwarden-backups/vaultwarden-data_20251231_000001.tar.gz
Copying file:///home/shampad/Desktop/projects/bitwarden-password-manager/backups/vaultwarden-data_20251231_000001.tar.gz to gs://home-server-ss/bitwarden-backups/vaultwarden-data_20251231_000001.tar.gz
  
......

Average throughput: 87.9MiB/s
[2025-12-31 00:00:09] Upload successful
[2025-12-31 00:00:09] Checking backups for cleanup (retention: 7 days)
[2025-12-31 00:00:11] Total backups in GCS: 9
[2025-12-31 00:00:11] Cleaning up backups older than 7 days
[2025-12-31 00:00:12] Backup routine completed successfully
[2026-01-01 00:00:01] Triggering Vaultwarden in-container backup
[INFO] Using saved config from `data/config.json` for configuration.

[WARNING] The following environment variables are being overridden by the config.json file.
[WARNING] Please use the admin panel to make changes to them:
[WARNING] DOMAIN, ADMIN_TOKEN

[NOTICE] You are using a plain text `ADMIN_TOKEN` which is insecure.
Please generate a secure Argon2 PHC string by using `vaultwarden hash` or `argon2`.
See: https://github.com/dani-garcia/vaultwarden/wiki/Enabling-admin-page#secure-the-admin_token

Backup to 'data/db_20251231_170001.sqlite3' was successful
[2026-01-01 00:00:01] Detected 1 new backup artefact(s)
[2026-01-01 00:00:01] Copying db_20251231_170001.sqlite3 to local backup dir
[2026-01-01 00:00:01] Archiving /mnt/ssd/nas/bitwarden-data/vaultwarden -> vaultwarden-data_20260101_000001.tar.gz
[2026-01-01 00:00:04] Pruning local backups older than 7 day(s)
/home/shampad/Desktop/projects/bitwarden-password-manager/backups/db_20251223_170001.sqlite3
[2026-01-01 00:00:04] Running remote sync command
[2026-01-01 00:00:04] Authenticating with service account
Activated service account credentials for: [gcs-782@home-server-475704.iam.gserviceaccount.com]
[2026-01-01 00:00:06] Uploading /home/shampad/Desktop/projects/bitwarden-password-manager/backups/vaultwarden-data_20260101_000001.tar.gz to gs://home-server-ss/bitwarden-backups/vaultwarden-data_20260101_000001.tar.gz
Copying file:///home/shampad/Desktop/projects/bitwarden-password-manager/backups/vaultwarden-data_20260101_000001.tar.gz to gs://home-server-ss/bitwarden-backups/vaultwarden-data_20260101_000001.tar.gz
  
..........

Average throughput: 68.3MiB/s
[2026-01-01 00:00:09] Upload successful
[2026-01-01 00:00:09] Checking backups for cleanup (retention: 7 days)
[2026-01-01 00:00:11] Total backups in GCS: 9
[2026-01-01 00:00:11] Cleaning up backups older than 7 days
[2026-01-01 00:00:12] Backup routine completed successfully
[2026-01-02 00:00:01] Triggering Vaultwarden in-container backup
[INFO] Using saved config from `data/config.json` for configuration.

[WARNING] The following environment variables are being overridden by the config.json file.
[WARNING] Please use the admin panel to make changes to them:
[WARNING] DOMAIN, ADMIN_TOKEN

[NOTICE] You are using a plain text `ADMIN_TOKEN` which is insecure.
Please generate a secure Argon2 PHC string by using `vaultwarden hash` or `argon2`.
See: https://github.com/dani-garcia/vaultwarden/wiki/Enabling-admin-page#secure-the-admin_token

Backup to 'data/db_20260101_170001.sqlite3' was successful
[2026-01-02 00:00:01] Detected 1 new backup artefact(s)
[2026-01-02 00:00:01] Copying db_20260101_170001.sqlite3 to local backup dir
[2026-01-02 00:00:01] Archiving /mnt/ssd/nas/bitwarden-data/vaultwarden -> vaultwarden-data_20260102_000001.tar.gz
[2026-01-02 00:00:04] Pruning local backups older than 7 day(s)
/home/shampad/Desktop/projects/bitwarden-password-manager/backups/db_20251224_170001.sqlite3
/home/shampad/Desktop/projects/bitwarden-password-manager/backups/vaultwarden-data_20251225_000001.tar.gz
/home/shampad/Desktop/projects/bitwarden-password-manager/backups/vaultwarden-data_20251224_000002.tar.gz
[2026-01-02 00:00:04] Running remote sync command
[2026-01-02 00:00:04] Authenticating with service account
Activated service account credentials for: [gcs-782@home-server-475704.iam.gserviceaccount.com]
[2026-01-02 00:00:05] Uploading /home/shampad/Desktop/projects/bitwarden-password-manager/backups/vaultwarden-data_20260102_000001.tar.gz to gs://home-server-ss/bitwarden-backups/vaultwarden-data_20260102_000001.tar.gz
Copying file:///home/shampad/Desktop/projects/bitwarden-password-manager/backups/vaultwarden-data_20260102_000001.tar.gz to gs://home-server-ss/bitwarden-backups/vaultwarden-data_20260102_000001.tar.gz
  
.......

Average throughput: 85.5MiB/s
[2026-01-02 00:00:09] Upload successful
[2026-01-02 00:00:09] Checking backups for cleanup (retention: 7 days)
[2026-01-02 00:00:10] Total backups in GCS: 9
[2026-01-02 00:00:10] Cleaning up backups older than 7 days
[2026-01-02 00:00:12] Backup routine completed successfully
[2026-01-03 00:00:01] Triggering Vaultwarden in-container backup
[INFO] Using saved config from `data/config.json` for configuration.

[WARNING] The following environment variables are being overridden by the config.json file.
[WARNING] Please use the admin panel to make changes to them:
[WARNING] DOMAIN, ADMIN_TOKEN

[NOTICE] You are using a plain text `ADMIN_TOKEN` which is insecure.
Please generate a secure Argon2 PHC string by using `vaultwarden hash` or `argon2`.
See: https://github.com/dani-garcia/vaultwarden/wiki/Enabling-admin-page#secure-the-admin_token

Backup to 'data/db_20260102_170001.sqlite3' was successful
[2026-01-03 00:00:01] Detected 1 new backup artefact(s)
[2026-01-03 00:00:01] Copying db_20260102_170001.sqlite3 to local backup dir
[2026-01-03 00:00:01] Archiving /mnt/ssd/nas/bitwarden-data/vaultwarden -> vaultwarden-data_20260103_000001.tar.gz
[2026-01-03 00:00:04] Pruning local backups older than 7 day(s)
/home/shampad/Desktop/projects/bitwarden-password-manager/backups/db_20251225_170002.sqlite3
[2026-01-03 00:00:04] Running remote sync command
[2026-01-03 00:00:04] Authenticating with service account
Activated service account credentials for: [gcs-782@home-server-475704.iam.gserviceaccount.com]
[2026-01-03 00:00:06] Uploading /home/shampad/Desktop/projects/bitwarden-password-manager/backups/vaultwarden-data_20260103_000001.tar.gz to gs://home-server-ss/bitwarden-backups/vaultwarden-data_20260103_000001.tar.gz
Copying file:///home/shampad/Desktop/projects/bitwarden-password-manager/backups/vaultwarden-data_20260103_000001.tar.gz to gs://home-server-ss/bitwarden-backups/vaultwarden-data_20260103_000001.tar.gz
  
.......

Average throughput: 81.4MiB/s
[2026-01-03 00:00:09] Upload successful
[2026-01-03 00:00:09] Checking backups for cleanup (retention: 7 days)
[2026-01-03 00:00:11] Total backups in GCS: 9
[2026-01-03 00:00:11] Cleaning up backups older than 7 days
[2026-01-03 00:00:12] Backup routine completed successfully
[2026-01-04 00:00:01] Triggering Vaultwarden in-container backup
[INFO] Using saved config from `data/config.json` for configuration.

[WARNING] The following environment variables are being overridden by the config.json file.
[WARNING] Please use the admin panel to make changes to them:
[WARNING] DOMAIN, ADMIN_TOKEN

[NOTICE] You are using a plain text `ADMIN_TOKEN` which is insecure.
Please generate a secure Argon2 PHC string by using `vaultwarden hash` or `argon2`.
See: https://github.com/dani-garcia/vaultwarden/wiki/Enabling-admin-page#secure-the-admin_token

Backup to 'data/db_20260103_170002.sqlite3' was successful
[2026-01-04 00:00:02] Detected 1 new backup artefact(s)
[2026-01-04 00:00:02] Copying db_20260103_170002.sqlite3 to local backup dir
[2026-01-04 00:00:02] Archiving /mnt/ssd/nas/bitwarden-data/vaultwarden -> vaultwarden-data_20260104_000002.tar.gz
[2026-01-04 00:00:04] Pruning local backups older than 7 day(s)
/home/shampad/Desktop/projects/bitwarden-password-manager/backups/db_20251226_170002.sqlite3
/home/shampad/Desktop/projects/bitwarden-password-manager/backups/vaultwarden-data_20251226_000002.tar.gz
/home/shampad/Desktop/projects/bitwarden-password-manager/backups/vaultwarden-data_20251227_000002.tar.gz
[2026-01-04 00:00:04] Running remote sync command
[2026-01-04 00:00:04] Authenticating with service account
Activated service account credentials for: [gcs-782@home-server-475704.iam.gserviceaccount.com]
[2026-01-04 00:00:06] Uploading /home/shampad/Desktop/projects/bitwarden-password-manager/backups/vaultwarden-data_20260104_000002.tar.gz to gs://home-server-ss/bitwarden-backups/vaultwarden-data_20260104_000002.tar.gz
Copying file:///home/shampad/Desktop/projects/bitwarden-password-manager/backups/vaultwarden-data_20260104_000002.tar.gz to gs://home-server-ss/bitwarden-backups/vaultwarden-data_20260104_000002.tar.gz
  
........

Average throughput: 68.6MiB/s
[2026-01-04 00:00:10] Upload successful
[2026-01-04 00:00:10] Checking backups for cleanup (retention: 7 days)
[2026-01-04 00:00:11] Total backups in GCS: 9
[2026-01-04 00:00:11] Cleaning up backups older than 7 days
[2026-01-04 00:00:13] Backup routine completed successfully
[2026-01-05 00:00:01] Triggering Vaultwarden in-container backup
[INFO] Using saved config from `data/config.json` for configuration.

[WARNING] The following environment variables are being overridden by the config.json file.
[WARNING] Please use the admin panel to make changes to them:
[WARNING] DOMAIN, ADMIN_TOKEN

[NOTICE] You are using a plain text `ADMIN_TOKEN` which is insecure.
Please generate a secure Argon2 PHC string by using `vaultwarden hash` or `argon2`.
See: https://github.com/dani-garcia/vaultwarden/wiki/Enabling-admin-page#secure-the-admin_token

Backup to 'data/db_20260104_170002.sqlite3' was successful
[2026-01-05 00:00:02] Detected 1 new backup artefact(s)
[2026-01-05 00:00:02] Copying db_20260104_170002.sqlite3 to local backup dir
[2026-01-05 00:00:02] Archiving /mnt/ssd/nas/bitwarden-data/vaultwarden -> vaultwarden-data_20260105_000002.tar.gz
[2026-01-05 00:00:05] Pruning local backups older than 7 day(s)
/home/shampad/Desktop/projects/bitwarden-password-manager/backups/db_20251227_170001.sqlite3
/home/shampad/Desktop/projects/bitwarden-password-manager/backups/vaultwarden-data_20251228_000001.tar.gz
[2026-01-05 00:00:05] Running remote sync command
[2026-01-05 00:00:05] Authenticating with service account
Activated service account credentials for: [gcs-782@home-server-475704.iam.gserviceaccount.com]
[2026-01-05 00:00:07] Uploading /home/shampad/Desktop/projects/bitwarden-password-manager/backups/vaultwarden-data_20260105_000002.tar.gz to gs://home-server-ss/bitwarden-backups/vaultwarden-data_20260105_000002.tar.gz
Copying file:///home/shampad/Desktop/projects/bitwarden-password-manager/backups/vaultwarden-data_20260105_000002.tar.gz to gs://home-server-ss/bitwarden-backups/vaultwarden-data_20260105_000002.tar.gz
  
.......

Average throughput: 81.6MiB/s
[2026-01-05 00:00:10] Upload successful
[2026-01-05 00:00:10] Checking backups for cleanup (retention: 7 days)
[2026-01-05 00:00:11] Total backups in GCS: 9
[2026-01-05 00:00:11] Cleaning up backups older than 7 days
[2026-01-05 00:00:13] Backup routine completed successfully
[2026-01-06 00:00:01] Triggering Vaultwarden in-container backup
[INFO] Using saved config from `data/config.json` for configuration.

[WARNING] The following environment variables are being overridden by the config.json file.
[WARNING] Please use the admin panel to make changes to them:
[WARNING] DOMAIN, ADMIN_TOKEN

[NOTICE] You are using a plain text `ADMIN_TOKEN` which is insecure.
Please generate a secure Argon2 PHC string by using `vaultwarden hash` or `argon2`.
See: https://github.com/dani-garcia/vaultwarden/wiki/Enabling-admin-page#secure-the-admin_token

Backup to 'data/db_20260105_170001.sqlite3' was successful
[2026-01-06 00:00:01] Detected 1 new backup artefact(s)
[2026-01-06 00:00:01] Copying db_20260105_170001.sqlite3 to local backup dir
[2026-01-06 00:00:01] Archiving /mnt/ssd/nas/bitwarden-data/vaultwarden -> vaultwarden-data_20260106_000001.tar.gz
[2026-01-06 00:00:04] Pruning local backups older than 7 day(s)
/home/shampad/Desktop/projects/bitwarden-password-manager/backups/db_20251228_170001.sqlite3
/home/shampad/Desktop/projects/bitwarden-password-manager/backups/vaultwarden-data_20251229_000001.tar.gz
[2026-01-06 00:00:04] Running remote sync command
[2026-01-06 00:00:04] Authenticating with service account
Activated service account credentials for: [gcs-782@home-server-475704.iam.gserviceaccount.com]
[2026-01-06 00:00:06] Uploading /home/shampad/Desktop/projects/bitwarden-password-manager/backups/vaultwarden-data_20260106_000001.tar.gz to gs://home-server-ss/bitwarden-backups/vaultwarden-data_20260106_000001.tar.gz
Copying file:///home/shampad/Desktop/projects/bitwarden-password-manager/backups/vaultwarden-data_20260106_000001.tar.gz to gs://home-server-ss/bitwarden-backups/vaultwarden-data_20260106_000001.tar.gz
  
.......

Average throughput: 73.9MiB/s
[2026-01-06 00:00:09] Upload successful
[2026-01-06 00:00:09] Checking backups for cleanup (retention: 7 days)
[2026-01-06 00:00:10] Total backups in GCS: 9
[2026-01-06 00:00:10] Cleaning up backups older than 7 days
[2026-01-06 00:00:12] Backup routine completed successfully
[2026-01-07 00:00:01] Triggering Vaultwarden in-container backup
[INFO] Using saved config from `data/config.json` for configuration.

[WARNING] The following environment variables are being overridden by the config.json file.
[WARNING] Please use the admin panel to make changes to them:
[WARNING] DOMAIN, ADMIN_TOKEN

[NOTICE] You are using a plain text `ADMIN_TOKEN` which is insecure.
Please generate a secure Argon2 PHC string by using `vaultwarden hash` or `argon2`.
See: https://github.com/dani-garcia/vaultwarden/wiki/Enabling-admin-page#secure-the-admin_token

Backup to 'data/db_20260106_170001.sqlite3' was successful
[2026-01-07 00:00:01] Detected 1 new backup artefact(s)
[2026-01-07 00:00:01] Copying db_20260106_170001.sqlite3 to local backup dir
[2026-01-07 00:00:01] Archiving /mnt/ssd/nas/bitwarden-data/vaultwarden -> vaultwarden-data_20260107_000001.tar.gz
[2026-01-07 00:00:04] Pruning local backups older than 7 day(s)
/home/shampad/Desktop/projects/bitwarden-password-manager/backups/db_20251229_170002.sqlite3
[2026-01-07 00:00:04] Running remote sync command
[2026-01-07 00:00:04] Authenticating with service account
Activated service account credentials for: [gcs-782@home-server-475704.iam.gserviceaccount.com]
[2026-01-07 00:00:06] Uploading /home/shampad/Desktop/projects/bitwarden-password-manager/backups/vaultwarden-data_20260107_000001.tar.gz to gs://home-server-ss/bitwarden-backups/vaultwarden-data_20260107_000001.tar.gz
Copying file:///home/shampad/Desktop/projects/bitwarden-password-manager/backups/vaultwarden-data_20260107_000001.tar.gz to gs://home-server-ss/bitwarden-backups/vaultwarden-data_20260107_000001.tar.gz
  
.......

Average throughput: 80.5MiB/s
[2026-01-07 00:00:09] Upload successful
[2026-01-07 00:00:09] Checking backups for cleanup (retention: 7 days)
[2026-01-07 00:00:11] Total backups in GCS: 9
[2026-01-07 00:00:11] Cleaning up backups older than 7 days
[2026-01-07 00:00:12] Backup routine completed successfully
[2026-01-08 00:00:01] Triggering Vaultwarden in-container backup
[INFO] Using saved config from `data/config.json` for configuration.

[WARNING] The following environment variables are being overridden by the config.json file.
[WARNING] Please use the admin panel to make changes to them:
[WARNING] DOMAIN, ADMIN_TOKEN

[NOTICE] You are using a plain text `ADMIN_TOKEN` which is insecure.
Please generate a secure Argon2 PHC string by using `vaultwarden hash` or `argon2`.
See: https://github.com/dani-garcia/vaultwarden/wiki/Enabling-admin-page#secure-the-admin_token

Backup to 'data/db_20260107_170001.sqlite3' was successful
[2026-01-08 00:00:01] Detected 1 new backup artefact(s)
[2026-01-08 00:00:01] Copying db_20260107_170001.sqlite3 to local backup dir
[2026-01-08 00:00:01] Archiving /mnt/ssd/nas/bitwarden-data/vaultwarden -> vaultwarden-data_20260108_000001.tar.gz
[2026-01-08 00:00:04] Pruning local backups older than 7 day(s)
/home/shampad/Desktop/projects/bitwarden-password-manager/backups/db_20251230_170001.sqlite3
/home/shampad/Desktop/projects/bitwarden-password-manager/backups/vaultwarden-data_20251230_000002.tar.gz
/home/shampad/Desktop/projects/bitwarden-password-manager/backups/vaultwarden-data_20251231_000001.tar.gz
[2026-01-08 00:00:04] Running remote sync command
[2026-01-08 00:00:04] Authenticating with service account
Activated service account credentials for: [gcs-782@home-server-475704.iam.gserviceaccount.com]
[2026-01-08 00:00:06] Uploading /home/shampad/Desktop/projects/bitwarden-password-manager/backups/vaultwarden-data_20260108_000001.tar.gz to gs://home-server-ss/bitwarden-backups/vaultwarden-data_20260108_000001.tar.gz
Copying file:///home/shampad/Desktop/projects/bitwarden-password-manager/backups/vaultwarden-data_20260108_000001.tar.gz to gs://home-server-ss/bitwarden-backups/vaultwarden-data_20260108_000001.tar.gz
  
.......

Average throughput: 85.3MiB/s
[2026-01-08 00:00:10] Upload successful
[2026-01-08 00:00:10] Checking backups for cleanup (retention: 7 days)
[2026-01-08 00:00:11] Total backups in GCS: 9
[2026-01-08 00:00:11] Cleaning up backups older than 7 days
[2026-01-08 00:00:13] Backup routine completed successfully
[2026-01-09 00:00:01] Triggering Vaultwarden in-container backup
[INFO] Using saved config from `data/config.json` for configuration.

[WARNING] The following environment variables are being overridden by the config.json file.
[WARNING] Please use the admin panel to make changes to them:
[WARNING] DOMAIN, ADMIN_TOKEN

[NOTICE] You are using a plain text `ADMIN_TOKEN` which is insecure.
Please generate a secure Argon2 PHC string by using `vaultwarden hash` or `argon2`.
See: https://github.com/dani-garcia/vaultwarden/wiki/Enabling-admin-page#secure-the-admin_token

Backup to 'data/db_20260108_170001.sqlite3' was successful
[2026-01-09 00:00:01] Detected 1 new backup artefact(s)
[2026-01-09 00:00:01] Copying db_20260108_170001.sqlite3 to local backup dir
[2026-01-09 00:00:01] Archiving /mnt/ssd/nas/bitwarden-data/vaultwarden -> vaultwarden-data_20260109_000001.tar.gz
[2026-01-09 00:00:04] Pruning local backups older than 7 day(s)
/home/shampad/Desktop/projects/bitwarden-password-manager/backups/db_20251231_170001.sqlite3
/home/shampad/Desktop/projects/bitwarden-password-manager/backups/vaultwarden-data_20260101_000001.tar.gz
[2026-01-09 00:00:04] Running remote sync command
[2026-01-09 00:00:04] Authenticating with service account
Activated service account credentials for: [gcs-782@home-server-475704.iam.gserviceaccount.com]
[2026-01-09 00:00:06] Uploading /home/shampad/Desktop/projects/bitwarden-password-manager/backups/vaultwarden-data_20260109_000001.tar.gz to gs://home-server-ss/bitwarden-backups/vaultwarden-data_20260109_000001.tar.gz
Copying file:///home/shampad/Desktop/projects/bitwarden-password-manager/backups/vaultwarden-data_20260109_000001.tar.gz to gs://home-server-ss/bitwarden-backups/vaultwarden-data_20260109_000001.tar.gz
  
........

Average throughput: 71.4MiB/s
[2026-01-09 00:00:10] Upload successful
[2026-01-09 00:00:10] Checking backups for cleanup (retention: 7 days)
[2026-01-09 00:00:11] Total backups in GCS: 9
[2026-01-09 00:00:11] Cleaning up backups older than 7 days
[2026-01-09 00:00:13] Backup routine completed successfully
[2026-02-24 00:00:01] Triggering Vaultwarden in-container backup
[NOTICE] You are using a plain text `ADMIN_TOKEN` which is insecure.
Please generate a secure Argon2 PHC string by using `vaultwarden hash` or `argon2`.
See: https://github.com/dani-garcia/vaultwarden/wiki/Enabling-admin-page#secure-the-admin_token

Backup to 'data/db_20260223_170001.sqlite3' was successful
[2026-02-24 00:00:01] Detected 1 new backup artefact(s)
[2026-02-24 00:00:01] Copying db_20260223_170001.sqlite3 to local backup dir
[2026-02-24 00:00:02] Archiving /mnt/ssd/nas/bitwarden-data/vaultwarden -> vaultwarden-data_20260224_000002.tar.gz
[2026-02-24 00:00:02] Pruning local backups older than 7 day(s)
[2026-02-24 00:00:02] Running remote sync command
[2026-02-24 00:00:02] Authenticating with service account
Activated service account credentials for: [gcs-782@home-server-475704.iam.gserviceaccount.com]
[2026-02-24 00:00:03] Uploading /home/shampad/Desktop/projects/bitwarden-password-manager/backups/vaultwarden-data_20260224_000002.tar.gz to gs://home-server-ss/bitwarden-backups/vaultwarden-data_20260224_000002.tar.gz
Copying file:///home/shampad/Desktop/projects/bitwarden-password-manager/backups/vaultwarden-data_20260224_000002.tar.gz to gs://home-server-ss/bitwarden-backups/vaultwarden-data_20260224_000002.tar.gz
  
...
[2026-02-24 00:00:05] Upload successful
[2026-02-24 00:00:05] Checking backups for cleanup (retention: 7 days)
[2026-02-24 00:00:07] Total backups in GCS: 11
[2026-02-24 00:00:07] Cleaning up backups older than 7 days
[2026-02-24 00:00:08] Backup routine completed successfully
[2026-02-25 00:00:01] Triggering Vaultwarden in-container backup
[NOTICE] You are using a plain text `ADMIN_TOKEN` which is insecure.
Please generate a secure Argon2 PHC string by using `vaultwarden hash` or `argon2`.
See: https://github.com/dani-garcia/vaultwarden/wiki/Enabling-admin-page#secure-the-admin_token

Backup to 'data/db_20260224_170001.sqlite3' was successful
[2026-02-25 00:00:02] Detected 1 new backup artefact(s)
[2026-02-25 00:00:02] Copying db_20260224_170001.sqlite3 to local backup dir
[2026-02-25 00:00:02] Archiving /mnt/ssd/nas/bitwarden-data/vaultwarden -> vaultwarden-data_20260225_000002.tar.gz
[2026-02-25 00:00:02] Pruning local backups older than 7 day(s)
[2026-02-25 00:00:02] Running remote sync command
[2026-02-25 00:00:02] Authenticating with service account
Activated service account credentials for: [gcs-782@home-server-475704.iam.gserviceaccount.com]
[2026-02-25 00:00:03] Uploading /home/shampad/Desktop/projects/bitwarden-password-manager/backups/vaultwarden-data_20260225_000002.tar.gz to gs://home-server-ss/bitwarden-backups/vaultwarden-data_20260225_000002.tar.gz
Copying file:///home/shampad/Desktop/projects/bitwarden-password-manager/backups/vaultwarden-data_20260225_000002.tar.gz to gs://home-server-ss/bitwarden-backups/vaultwarden-data_20260225_000002.tar.gz
  
....
[2026-02-25 00:00:05] Upload successful
[2026-02-25 00:00:05] Checking backups for cleanup (retention: 7 days)
[2026-02-25 00:00:06] Total backups in GCS: 12
[2026-02-25 00:00:06] Cleaning up backups older than 7 days
[2026-02-25 00:00:08] Backup routine completed successfully
[2026-02-26 00:00:01] Triggering Vaultwarden in-container backup
[NOTICE] You are using a plain text `ADMIN_TOKEN` which is insecure.
Please generate a secure Argon2 PHC string by using `vaultwarden hash` or `argon2`.
See: https://github.com/dani-garcia/vaultwarden/wiki/Enabling-admin-page#secure-the-admin_token

Backup to 'data/db_20260225_170001.sqlite3' was successful
[2026-02-26 00:00:01] Detected 1 new backup artefact(s)
[2026-02-26 00:00:01] Copying db_20260225_170001.sqlite3 to local backup dir
[2026-02-26 00:00:01] Archiving /mnt/ssd/nas/bitwarden-data/vaultwarden -> vaultwarden-data_20260226_000001.tar.gz
[2026-02-26 00:00:02] Pruning local backups older than 7 day(s)
[2026-02-26 00:00:02] Running remote sync command
[2026-02-26 00:00:02] Authenticating with service account
Activated service account credentials for: [gcs-782@home-server-475704.iam.gserviceaccount.com]
[2026-02-26 00:00:03] Uploading /home/shampad/Desktop/projects/bitwarden-password-manager/backups/vaultwarden-data_20260226_000001.tar.gz to gs://home-server-ss/bitwarden-backups/vaultwarden-data_20260226_000001.tar.gz
Copying file:///home/shampad/Desktop/projects/bitwarden-password-manager/backups/vaultwarden-data_20260226_000001.tar.gz to gs://home-server-ss/bitwarden-backups/vaultwarden-data_20260226_000001.tar.gz
  
........
[2026-02-26 00:00:06] Upload successful
[2026-02-26 00:00:06] Checking backups for cleanup (retention: 7 days)
[2026-02-26 00:00:07] Total backups in GCS: 13
[2026-02-26 00:00:07] Cleaning up backups older than 7 days
[2026-02-26 00:00:09] Backup routine completed successfully
[2026-02-27 00:00:01] Triggering Vaultwarden in-container backup
[NOTICE] You are using a plain text `ADMIN_TOKEN` which is insecure.
Please generate a secure Argon2 PHC string by using `vaultwarden hash` or `argon2`.
See: https://github.com/dani-garcia/vaultwarden/wiki/Enabling-admin-page#secure-the-admin_token

Backup to 'data/db_20260226_170001.sqlite3' was successful
[2026-02-27 00:00:01] Detected 1 new backup artefact(s)
[2026-02-27 00:00:01] Copying db_20260226_170001.sqlite3 to local backup dir
[2026-02-27 00:00:01] Archiving /mnt/ssd/nas/bitwarden-data/vaultwarden -> vaultwarden-data_20260227_000001.tar.gz
[2026-02-27 00:00:01] Pruning local backups older than 7 day(s)
[2026-02-27 00:00:01] Running remote sync command
[2026-02-27 00:00:01] Authenticating with service account
Activated service account credentials for: [gcs-782@home-server-475704.iam.gserviceaccount.com]
[2026-02-27 00:00:03] Uploading /home/shampad/Desktop/projects/bitwarden-password-manager/backups/vaultwarden-data_20260227_000001.tar.gz to gs://home-server-ss/bitwarden-backups/vaultwarden-data_20260227_000001.tar.gz
Copying file:///home/shampad/Desktop/projects/bitwarden-password-manager/backups/vaultwarden-data_20260227_000001.tar.gz to gs://home-server-ss/bitwarden-backups/vaultwarden-data_20260227_000001.tar.gz
  
.....
[2026-02-27 00:00:05] Upload successful
[2026-02-27 00:00:05] Checking backups for cleanup (retention: 7 days)
[2026-02-27 00:00:07] Total backups in GCS: 14
[2026-02-27 00:00:07] Cleaning up backups older than 7 days
[2026-02-27 00:00:08] Backup routine completed successfully
[2026-02-28 00:00:01] Triggering Vaultwarden in-container backup
[NOTICE] You are using a plain text `ADMIN_TOKEN` which is insecure.
Please generate a secure Argon2 PHC string by using `vaultwarden hash` or `argon2`.
See: https://github.com/dani-garcia/vaultwarden/wiki/Enabling-admin-page#secure-the-admin_token

Backup to 'data/db_20260227_170001.sqlite3' was successful
[2026-02-28 00:00:01] Detected 1 new backup artefact(s)
[2026-02-28 00:00:01] Copying db_20260227_170001.sqlite3 to local backup dir
[2026-02-28 00:00:01] Archiving /mnt/ssd/nas/bitwarden-data/vaultwarden -> vaultwarden-data_20260228_000001.tar.gz
[2026-02-28 00:00:02] Pruning local backups older than 7 day(s)
[2026-02-28 00:00:02] Running remote sync command
[2026-02-28 00:00:02] Authenticating with service account
Activated service account credentials for: [gcs-782@home-server-475704.iam.gserviceaccount.com]
[2026-02-28 00:00:03] Uploading /home/shampad/Desktop/projects/bitwarden-password-manager/backups/vaultwarden-data_20260228_000001.tar.gz to gs://home-server-ss/bitwarden-backups/vaultwarden-data_20260228_000001.tar.gz
Copying file:///home/shampad/Desktop/projects/bitwarden-password-manager/backups/vaultwarden-data_20260228_000001.tar.gz to gs://home-server-ss/bitwarden-backups/vaultwarden-data_20260228_000001.tar.gz
  
.........
[2026-02-28 00:00:07] Upload successful
[2026-02-28 00:00:07] Checking backups for cleanup (retention: 7 days)
[2026-02-28 00:00:08] Total backups in GCS: 15
[2026-02-28 00:00:08] Cleaning up backups older than 7 days
[2026-02-28 00:00:10] Backup routine completed successfully
[2026-03-01 00:00:01] Triggering Vaultwarden in-container backup
[NOTICE] You are using a plain text `ADMIN_TOKEN` which is insecure.
Please generate a secure Argon2 PHC string by using `vaultwarden hash` or `argon2`.
See: https://github.com/dani-garcia/vaultwarden/wiki/Enabling-admin-page#secure-the-admin_token

Backup to 'data/db_20260228_170001.sqlite3' was successful
[2026-03-01 00:00:01] Detected 1 new backup artefact(s)
[2026-03-01 00:00:01] Copying db_20260228_170001.sqlite3 to local backup dir
[2026-03-01 00:00:01] Archiving /mnt/ssd/nas/bitwarden-data/vaultwarden -> vaultwarden-data_20260301_000001.tar.gz
[2026-03-01 00:00:01] Pruning local backups older than 7 day(s)
[2026-03-01 00:00:01] Running remote sync command
[2026-03-01 00:00:01] Authenticating with service account
Activated service account credentials for: [gcs-782@home-server-475704.iam.gserviceaccount.com]
[2026-03-01 00:00:03] Uploading /home/shampad/Desktop/projects/bitwarden-password-manager/backups/vaultwarden-data_20260301_000001.tar.gz to gs://home-server-ss/bitwarden-backups/vaultwarden-data_20260301_000001.tar.gz
Copying file:///home/shampad/Desktop/projects/bitwarden-password-manager/backups/vaultwarden-data_20260301_000001.tar.gz to gs://home-server-ss/bitwarden-backups/vaultwarden-data_20260301_000001.tar.gz
  
.............
[2026-03-01 00:00:07] Upload successful
[2026-03-01 00:00:07] Checking backups for cleanup (retention: 7 days)
[2026-03-01 00:00:08] Total backups in GCS: 16
[2026-03-01 00:00:08] Cleaning up backups older than 7 days
[2026-03-01 00:00:10] Backup routine completed successfully
[2026-03-02 00:00:01] Triggering Vaultwarden in-container backup
[NOTICE] You are using a plain text `ADMIN_TOKEN` which is insecure.
Please generate a secure Argon2 PHC string by using `vaultwarden hash` or `argon2`.
See: https://github.com/dani-garcia/vaultwarden/wiki/Enabling-admin-page#secure-the-admin_token

Backup to 'data/db_20260301_170002.sqlite3' was successful
[2026-03-02 00:00:02] Detected 1 new backup artefact(s)
[2026-03-02 00:00:02] Copying db_20260301_170002.sqlite3 to local backup dir
[2026-03-02 00:00:02] Archiving /mnt/ssd/nas/bitwarden-data/vaultwarden -> vaultwarden-data_20260302_000002.tar.gz
[2026-03-02 00:00:02] Pruning local backups older than 7 day(s)
[2026-03-02 00:00:02] Running remote sync command
[2026-03-02 00:00:02] Authenticating with service account
Activated service account credentials for: [gcs-782@home-server-475704.iam.gserviceaccount.com]
[2026-03-02 00:00:03] Uploading /home/shampad/Desktop/projects/bitwarden-password-manager/backups/vaultwarden-data_20260302_000002.tar.gz to gs://home-server-ss/bitwarden-backups/vaultwarden-data_20260302_000002.tar.gz
Copying file:///home/shampad/Desktop/projects/bitwarden-password-manager/backups/vaultwarden-data_20260302_000002.tar.gz to gs://home-server-ss/bitwarden-backups/vaultwarden-data_20260302_000002.tar.gz
  
....
[2026-03-02 00:00:05] Upload successful
[2026-03-02 00:00:05] Checking backups for cleanup (retention: 7 days)
[2026-03-02 00:00:07] Total backups in GCS: 17
[2026-03-02 00:00:07] Cleaning up backups older than 7 days
[2026-03-02 00:00:08] Backup routine completed successfully
[2026-03-03 00:00:01] Triggering Vaultwarden in-container backup
[NOTICE] You are using a plain text `ADMIN_TOKEN` which is insecure.
Please generate a secure Argon2 PHC string by using `vaultwarden hash` or `argon2`.
See: https://github.com/dani-garcia/vaultwarden/wiki/Enabling-admin-page#secure-the-admin_token

Backup to 'data/db_20260302_170001.sqlite3' was successful
[2026-03-03 00:00:01] Detected 1 new backup artefact(s)
[2026-03-03 00:00:01] Copying db_20260302_170001.sqlite3 to local backup dir
[2026-03-03 00:00:01] Archiving /mnt/ssd/nas/bitwarden-data/vaultwarden -> vaultwarden-data_20260303_000001.tar.gz
[2026-03-03 00:00:01] Pruning local backups older than 7 day(s)
[2026-03-03 00:00:01] Running remote sync command
[2026-03-03 00:00:01] Authenticating with service account
Activated service account credentials for: [gcs-782@home-server-475704.iam.gserviceaccount.com]
[2026-03-03 00:00:03] Uploading /home/shampad/Desktop/projects/bitwarden-password-manager/backups/vaultwarden-data_20260303_000001.tar.gz to gs://home-server-ss/bitwarden-backups/vaultwarden-data_20260303_000001.tar.gz
Copying file:///home/shampad/Desktop/projects/bitwarden-password-manager/backups/vaultwarden-data_20260303_000001.tar.gz to gs://home-server-ss/bitwarden-backups/vaultwarden-data_20260303_000001.tar.gz
  
........
[2026-03-03 00:00:10] Upload successful
[2026-03-03 00:00:10] Checking backups for cleanup (retention: 7 days)
[2026-03-03 00:00:12] Total backups in GCS: 18
[2026-03-03 00:00:12] Cleaning up backups older than 7 days
[2026-03-03 00:00:13] Backup routine completed successfully
[2026-03-04 00:00:01] Triggering Vaultwarden in-container backup
[NOTICE] You are using a plain text `ADMIN_TOKEN` which is insecure.
Please generate a secure Argon2 PHC string by using `vaultwarden hash` or `argon2`.
See: https://github.com/dani-garcia/vaultwarden/wiki/Enabling-admin-page#secure-the-admin_token

Backup to 'data/db_20260303_170001.sqlite3' was successful
[2026-03-04 00:00:01] Detected 1 new backup artefact(s)
[2026-03-04 00:00:01] Copying db_20260303_170001.sqlite3 to local backup dir
[2026-03-04 00:00:01] Archiving /mnt/ssd/nas/bitwarden-data/vaultwarden -> vaultwarden-data_20260304_000001.tar.gz
[2026-03-04 00:00:02] Pruning local backups older than 7 day(s)
/home/shampad/Desktop/projects/bitwarden-password-manager/backups/db_20260223_170001.sqlite3
/home/shampad/Desktop/projects/bitwarden-password-manager/backups/db_20260222_171240.sqlite3
/home/shampad/Desktop/projects/bitwarden-password-manager/backups/vaultwarden-data_20260224_000002.tar.gz
/home/shampad/Desktop/projects/bitwarden-password-manager/backups/vaultwarden-data_20260223_001240.tar.gz
[2026-03-04 00:00:02] Running remote sync command
[2026-03-04 00:00:02] Authenticating with service account
Activated service account credentials for: [gcs-782@home-server-475704.iam.gserviceaccount.com]
[2026-03-04 00:00:03] Uploading /home/shampad/Desktop/projects/bitwarden-password-manager/backups/vaultwarden-data_20260304_000001.tar.gz to gs://home-server-ss/bitwarden-backups/vaultwarden-data_20260304_000001.tar.gz
Copying file:///home/shampad/Desktop/projects/bitwarden-password-manager/backups/vaultwarden-data_20260304_000001.tar.gz to gs://home-server-ss/bitwarden-backups/vaultwarden-data_20260304_000001.tar.gz
  
......
[2026-03-04 00:00:06] Upload successful
[2026-03-04 00:00:06] Checking backups for cleanup (retention: 7 days)
[2026-03-04 00:00:07] Total backups in GCS: 19
[2026-03-04 00:00:07] Cleaning up backups older than 7 days
[2026-03-04 00:00:09] Backup routine completed successfully
[2026-03-05 00:00:01] Triggering Vaultwarden in-container backup
[NOTICE] You are using a plain text `ADMIN_TOKEN` which is insecure.
Please generate a secure Argon2 PHC string by using `vaultwarden hash` or `argon2`.
See: https://github.com/dani-garcia/vaultwarden/wiki/Enabling-admin-page#secure-the-admin_token

Backup to 'data/db_20260304_170001.sqlite3' was successful
[2026-03-05 00:00:01] Detected 1 new backup artefact(s)
[2026-03-05 00:00:01] Copying db_20260304_170001.sqlite3 to local backup dir
[2026-03-05 00:00:01] Archiving /mnt/ssd/nas/bitwarden-data/vaultwarden -> vaultwarden-data_20260305_000001.tar.gz
[2026-03-05 00:00:02] Pruning local backups older than 7 day(s)
/home/shampad/Desktop/projects/bitwarden-password-manager/backups/db_20260224_170001.sqlite3
[2026-03-05 00:00:02] Running remote sync command
[2026-03-05 00:00:02] Authenticating with service account
Activated service account credentials for: [gcs-782@home-server-475704.iam.gserviceaccount.com]
[2026-03-05 00:00:03] Uploading /home/shampad/Desktop/projects/bitwarden-password-manager/backups/vaultwarden-data_20260305_000001.tar.gz to gs://home-server-ss/bitwarden-backups/vaultwarden-data_20260305_000001.tar.gz
Copying file:///home/shampad/Desktop/projects/bitwarden-password-manager/backups/vaultwarden-data_20260305_000001.tar.gz to gs://home-server-ss/bitwarden-backups/vaultwarden-data_20260305_000001.tar.gz
  
.....
[2026-03-05 00:00:05] Upload successful
[2026-03-05 00:00:05] Checking backups for cleanup (retention: 7 days)
[2026-03-05 00:00:07] Total backups in GCS: 20
[2026-03-05 00:00:07] Cleaning up backups older than 7 days
[2026-03-05 00:00:08] Backup routine completed successfully
[2026-03-06 00:00:01] Triggering Vaultwarden in-container backup
[NOTICE] You are using a plain text `ADMIN_TOKEN` which is insecure.
Please generate a secure Argon2 PHC string by using `vaultwarden hash` or `argon2`.
See: https://github.com/dani-garcia/vaultwarden/wiki/Enabling-admin-page#secure-the-admin_token

Backup to 'data/db_20260305_170001.sqlite3' was successful
[2026-03-06 00:00:01] Detected 1 new backup artefact(s)
[2026-03-06 00:00:01] Copying db_20260305_170001.sqlite3 to local backup dir
[2026-03-06 00:00:01] Archiving /mnt/ssd/nas/bitwarden-data/vaultwarden -> vaultwarden-data_20260306_000001.tar.gz
[2026-03-06 00:00:02] Pruning local backups older than 7 day(s)
/home/shampad/Desktop/projects/bitwarden-password-manager/backups/db_20260225_170001.sqlite3
/home/shampad/Desktop/projects/bitwarden-password-manager/backups/vaultwarden-data_20260225_000002.tar.gz
/home/shampad/Desktop/projects/bitwarden-password-manager/backups/vaultwarden-data_20260226_000001.tar.gz
[2026-03-06 00:00:02] Running remote sync command
[2026-03-06 00:00:02] Authenticating with service account
Activated service account credentials for: [gcs-782@home-server-475704.iam.gserviceaccount.com]
[2026-03-06 00:00:03] Uploading /home/shampad/Desktop/projects/bitwarden-password-manager/backups/vaultwarden-data_20260306_000001.tar.gz to gs://home-server-ss/bitwarden-backups/vaultwarden-data_20260306_000001.tar.gz
Copying file:///home/shampad/Desktop/projects/bitwarden-password-manager/backups/vaultwarden-data_20260306_000001.tar.gz to gs://home-server-ss/bitwarden-backups/vaultwarden-data_20260306_000001.tar.gz
  
.....
[2026-03-06 00:00:05] Upload successful
[2026-03-06 00:00:05] Checking backups for cleanup (retention: 7 days)
[2026-03-06 00:00:07] Total backups in GCS: 21
[2026-03-06 00:00:07] Cleaning up backups older than 7 days
[2026-03-06 00:00:08] Backup routine completed successfully
[2026-03-07 00:00:01] Triggering Vaultwarden in-container backup
[NOTICE] You are using a plain text `ADMIN_TOKEN` which is insecure.
Please generate a secure Argon2 PHC string by using `vaultwarden hash` or `argon2`.
See: https://github.com/dani-garcia/vaultwarden/wiki/Enabling-admin-page#secure-the-admin_token

Backup to 'data/db_20260306_170001.sqlite3' was successful
[2026-03-07 00:00:01] Detected 1 new backup artefact(s)
[2026-03-07 00:00:01] Copying db_20260306_170001.sqlite3 to local backup dir
[2026-03-07 00:00:01] Archiving /mnt/ssd/nas/bitwarden-data/vaultwarden -> vaultwarden-data_20260307_000001.tar.gz
[2026-03-07 00:00:01] Pruning local backups older than 7 day(s)
/home/shampad/Desktop/projects/bitwarden-password-manager/backups/db_20260226_170001.sqlite3
/home/shampad/Desktop/projects/bitwarden-password-manager/backups/vaultwarden-data_20260227_000001.tar.gz
[2026-03-07 00:00:01] Running remote sync command
[2026-03-07 00:00:01] Authenticating with service account
Activated service account credentials for: [gcs-782@home-server-475704.iam.gserviceaccount.com]
[2026-03-07 00:00:03] Uploading /home/shampad/Desktop/projects/bitwarden-password-manager/backups/vaultwarden-data_20260307_000001.tar.gz to gs://home-server-ss/bitwarden-backups/vaultwarden-data_20260307_000001.tar.gz
Copying file:///home/shampad/Desktop/projects/bitwarden-password-manager/backups/vaultwarden-data_20260307_000001.tar.gz to gs://home-server-ss/bitwarden-backups/vaultwarden-data_20260307_000001.tar.gz
  
.....
[2026-03-07 00:00:05] Upload successful
[2026-03-07 00:00:05] Checking backups for cleanup (retention: 7 days)
[2026-03-07 00:00:07] Total backups in GCS: 22
[2026-03-07 00:00:07] Cleaning up backups older than 7 days
[2026-03-07 00:00:08] Backup routine completed successfully
[2026-03-08 00:00:01] Triggering Vaultwarden in-container backup
[INFO] Using saved config from `data/config.json` for configuration.

[WARNING] The following environment variables are being overridden by the config.json file.
[WARNING] Please use the admin panel to make changes to them:
[WARNING] DOMAIN, ADMIN_TOKEN

[NOTICE] You are using a plain text `ADMIN_TOKEN` which is insecure.
Please generate a secure Argon2 PHC string by using `vaultwarden hash` or `argon2`.
See: https://github.com/dani-garcia/vaultwarden/wiki/Enabling-admin-page#secure-the-admin_token

Backup to 'data/db_20260307_170001.sqlite3' was successful
[2026-03-08 00:00:01] Detected 1 new backup artefact(s)
[2026-03-08 00:00:01] Copying db_20260307_170001.sqlite3 to local backup dir
[2026-03-08 00:00:01] Archiving /mnt/ssd/nas/bitwarden-data/vaultwarden -> vaultwarden-data_20260308_000001.tar.gz
[2026-03-08 00:00:01] Pruning local backups older than 7 day(s)
/home/shampad/Desktop/projects/bitwarden-password-manager/backups/db_20260227_170001.sqlite3
[2026-03-08 00:00:01] Running remote sync command
[2026-03-08 00:00:01] Authenticating with service account
Activated service account credentials for: [gcs-782@home-server-475704.iam.gserviceaccount.com]
[2026-03-08 00:00:03] Uploading /home/shampad/Desktop/projects/bitwarden-password-manager/backups/vaultwarden-data_20260308_000001.tar.gz to gs://home-server-ss/bitwarden-backups/vaultwarden-data_20260308_000001.tar.gz
Copying file:///home/shampad/Desktop/projects/bitwarden-password-manager/backups/vaultwarden-data_20260308_000001.tar.gz to gs://home-server-ss/bitwarden-backups/vaultwarden-data_20260308_000001.tar.gz
  
.......
[2026-03-08 00:00:06] Upload successful
[2026-03-08 00:00:06] Checking backups for cleanup (retention: 7 days)
[2026-03-08 00:00:07] Total backups in GCS: 23
[2026-03-08 00:00:07] Cleaning up backups older than 7 days
[2026-03-08 00:00:09] Backup routine completed successfully
[2026-03-09 00:00:01] Triggering Vaultwarden in-container backup
[INFO] Using saved config from `data/config.json` for configuration.

[WARNING] The following environment variables are being overridden by the config.json file.
[WARNING] Please use the admin panel to make changes to them:
[WARNING] DOMAIN, ADMIN_TOKEN

[NOTICE] You are using a plain text `ADMIN_TOKEN` which is insecure.
Please generate a secure Argon2 PHC string by using `vaultwarden hash` or `argon2`.
See: https://github.com/dani-garcia/vaultwarden/wiki/Enabling-admin-page#secure-the-admin_token

Backup to 'data/db_20260308_170001.sqlite3' was successful
[2026-03-09 00:00:01] Detected 1 new backup artefact(s)
[2026-03-09 00:00:01] Copying db_20260308_170001.sqlite3 to local backup dir
[2026-03-09 00:00:01] Archiving /mnt/ssd/nas/bitwarden-data/vaultwarden -> vaultwarden-data_20260309_000001.tar.gz
[2026-03-09 00:00:02] Pruning local backups older than 7 day(s)
/home/shampad/Desktop/projects/bitwarden-password-manager/backups/db_20260228_170001.sqlite3
/home/shampad/Desktop/projects/bitwarden-password-manager/backups/vaultwarden-data_20260228_000001.tar.gz
/home/shampad/Desktop/projects/bitwarden-password-manager/backups/vaultwarden-data_20260301_000001.tar.gz
[2026-03-09 00:00:02] Running remote sync command
[2026-03-09 00:00:02] Authenticating with service account
Activated service account credentials for: [gcs-782@home-server-475704.iam.gserviceaccount.com]
[2026-03-09 00:00:03] Uploading /home/shampad/Desktop/projects/bitwarden-password-manager/backups/vaultwarden-data_20260309_000001.tar.gz to gs://home-server-ss/bitwarden-backups/vaultwarden-data_20260309_000001.tar.gz
Copying file:///home/shampad/Desktop/projects/bitwarden-password-manager/backups/vaultwarden-data_20260309_000001.tar.gz to gs://home-server-ss/bitwarden-backups/vaultwarden-data_20260309_000001.tar.gz
  
.............
[2026-03-09 00:00:07] Upload successful
[2026-03-09 00:00:07] Checking backups for cleanup (retention: 7 days)
[2026-03-09 00:00:08] Total backups in GCS: 24
[2026-03-09 00:00:08] Cleaning up backups older than 7 days
[2026-03-09 00:00:10] Backup routine completed successfully
[2026-03-10 00:00:01] Triggering Vaultwarden in-container backup
[INFO] Using saved config from `data/config.json` for configuration.

[WARNING] The following environment variables are being overridden by the config.json file.
[WARNING] Please use the admin panel to make changes to them:
[WARNING] DOMAIN, ADMIN_TOKEN

[NOTICE] You are using a plain text `ADMIN_TOKEN` which is insecure.
Please generate a secure Argon2 PHC string by using `vaultwarden hash` or `argon2`.
See: https://github.com/dani-garcia/vaultwarden/wiki/Enabling-admin-page#secure-the-admin_token

Backup to 'data/db_20260309_170001.sqlite3' was successful
[2026-03-10 00:00:01] Detected 1 new backup artefact(s)
[2026-03-10 00:00:01] Copying db_20260309_170001.sqlite3 to local backup dir
[2026-03-10 00:00:01] Archiving /mnt/ssd/nas/bitwarden-data/vaultwarden -> vaultwarden-data_20260310_000001.tar.gz
[2026-03-10 00:00:02] Pruning local backups older than 7 day(s)
/home/shampad/Desktop/projects/bitwarden-password-manager/backups/db_20260301_170002.sqlite3
[2026-03-10 00:00:02] Running remote sync command
[2026-03-10 00:00:02] Authenticating with service account
Activated service account credentials for: [gcs-782@home-server-475704.iam.gserviceaccount.com]
[2026-03-10 00:00:03] Uploading /home/shampad/Desktop/projects/bitwarden-password-manager/backups/vaultwarden-data_20260310_000001.tar.gz to gs://home-server-ss/bitwarden-backups/vaultwarden-data_20260310_000001.tar.gz
Copying file:///home/shampad/Desktop/projects/bitwarden-password-manager/backups/vaultwarden-data_20260310_000001.tar.gz to gs://home-server-ss/bitwarden-backups/vaultwarden-data_20260310_000001.tar.gz
  
.....
[2026-03-10 00:00:05] Upload successful
[2026-03-10 00:00:05] Checking backups for cleanup (retention: 7 days)
[2026-03-10 00:00:07] Total backups in GCS: 25
[2026-03-10 00:00:07] Cleaning up backups older than 7 days
[2026-03-10 00:00:08] Backup routine completed successfully
[2026-03-11 00:00:01] Triggering Vaultwarden in-container backup
[INFO] Using saved config from `data/config.json` for configuration.

[WARNING] The following environment variables are being overridden by the config.json file.
[WARNING] Please use the admin panel to make changes to them:
[WARNING] DOMAIN, ADMIN_TOKEN

[NOTICE] You are using a plain text `ADMIN_TOKEN` which is insecure.
Please generate a secure Argon2 PHC string by using `vaultwarden hash` or `argon2`.
See: https://github.com/dani-garcia/vaultwarden/wiki/Enabling-admin-page#secure-the-admin_token

Backup to 'data/db_20260310_170002.sqlite3' was successful
[2026-03-11 00:00:02] Detected 1 new backup artefact(s)
[2026-03-11 00:00:02] Copying db_20260310_170002.sqlite3 to local backup dir
[2026-03-11 00:00:02] Archiving /mnt/ssd/nas/bitwarden-data/vaultwarden -> vaultwarden-data_20260311_000002.tar.gz
[2026-03-11 00:00:02] Pruning local backups older than 7 day(s)
/home/shampad/Desktop/projects/bitwarden-password-manager/backups/db_20260302_170001.sqlite3
/home/shampad/Desktop/projects/bitwarden-password-manager/backups/vaultwarden-data_20260302_000002.tar.gz
/home/shampad/Desktop/projects/bitwarden-password-manager/backups/vaultwarden-data_20260303_000001.tar.gz
[2026-03-11 00:00:02] Running remote sync command
[2026-03-11 00:00:02] Authenticating with service account
Activated service account credentials for: [gcs-782@home-server-475704.iam.gserviceaccount.com]
[2026-03-11 00:00:03] Uploading /home/shampad/Desktop/projects/bitwarden-password-manager/backups/vaultwarden-data_20260311_000002.tar.gz to gs://home-server-ss/bitwarden-backups/vaultwarden-data_20260311_000002.tar.gz
Copying file:///home/shampad/Desktop/projects/bitwarden-password-manager/backups/vaultwarden-data_20260311_000002.tar.gz to gs://home-server-ss/bitwarden-backups/vaultwarden-data_20260311_000002.tar.gz
  
......
[2026-03-11 00:00:07] Upload successful
[2026-03-11 00:00:07] Checking backups for cleanup (retention: 7 days)
[2026-03-11 00:00:08] Total backups in GCS: 26
[2026-03-11 00:00:08] Cleaning up backups older than 7 days
[2026-03-11 00:00:10] Backup routine completed successfully
[2026-03-12 00:00:01] Triggering Vaultwarden in-container backup
[INFO] Using saved config from `data/config.json` for configuration.

[WARNING] The following environment variables are being overridden by the config.json file.
[WARNING] Please use the admin panel to make changes to them:
[WARNING] DOMAIN, ADMIN_TOKEN

[NOTICE] You are using a plain text `ADMIN_TOKEN` which is insecure.
Please generate a secure Argon2 PHC string by using `vaultwarden hash` or `argon2`.
See: https://github.com/dani-garcia/vaultwarden/wiki/Enabling-admin-page#secure-the-admin_token

Backup to 'data/db_20260311_170001.sqlite3' was successful
[2026-03-12 00:00:01] Detected 1 new backup artefact(s)
[2026-03-12 00:00:01] Copying db_20260311_170001.sqlite3 to local backup dir
[2026-03-12 00:00:01] Archiving /mnt/ssd/nas/bitwarden-data/vaultwarden -> vaultwarden-data_20260312_000001.tar.gz
[2026-03-12 00:00:02] Pruning local backups older than 7 day(s)
/home/shampad/Desktop/projects/bitwarden-password-manager/backups/db_20260303_170001.sqlite3
/home/shampad/Desktop/projects/bitwarden-password-manager/backups/vaultwarden-data_20260304_000001.tar.gz
[2026-03-12 00:00:02] Running remote sync command
[2026-03-12 00:00:02] Authenticating with service account
Activated service account credentials for: [gcs-782@home-server-475704.iam.gserviceaccount.com]
[2026-03-12 00:00:03] Uploading /home/shampad/Desktop/projects/bitwarden-password-manager/backups/vaultwarden-data_20260312_000001.tar.gz to gs://home-server-ss/bitwarden-backups/vaultwarden-data_20260312_000001.tar.gz
Copying file:///home/shampad/Desktop/projects/bitwarden-password-manager/backups/vaultwarden-data_20260312_000001.tar.gz to gs://home-server-ss/bitwarden-backups/vaultwarden-data_20260312_000001.tar.gz
  
.....
[2026-03-12 00:00:06] Upload successful
[2026-03-12 00:00:06] Checking backups for cleanup (retention: 7 days)
[2026-03-12 00:00:07] Total backups in GCS: 27
[2026-03-12 00:00:07] Cleaning up backups older than 7 days
[2026-03-12 00:00:09] Backup routine completed successfully
[2026-03-13 00:00:01] Triggering Vaultwarden in-container backup
[INFO] Using saved config from `data/config.json` for configuration.

[WARNING] The following environment variables are being overridden by the config.json file.
[WARNING] Please use the admin panel to make changes to them:
[WARNING] DOMAIN, ADMIN_TOKEN

[NOTICE] You are using a plain text `ADMIN_TOKEN` which is insecure.
Please generate a secure Argon2 PHC string by using `vaultwarden hash` or `argon2`.
See: https://github.com/dani-garcia/vaultwarden/wiki/Enabling-admin-page#secure-the-admin_token

Backup to 'data/db_20260312_170001.sqlite3' was successful
[2026-03-13 00:00:01] Detected 1 new backup artefact(s)
[2026-03-13 00:00:01] Copying db_20260312_170001.sqlite3 to local backup dir
[2026-03-13 00:00:01] Archiving /mnt/ssd/nas/bitwarden-data/vaultwarden -> vaultwarden-data_20260313_000001.tar.gz
[2026-03-13 00:00:01] Pruning local backups older than 7 day(s)
/home/shampad/Desktop/projects/bitwarden-password-manager/backups/db_20260304_170001.sqlite3
[2026-03-13 00:00:01] Running remote sync command
[2026-03-13 00:00:01] Authenticating with service account
Activated service account credentials for: [gcs-782@home-server-475704.iam.gserviceaccount.com]
[2026-03-13 00:00:03] Uploading /home/shampad/Desktop/projects/bitwarden-password-manager/backups/vaultwarden-data_20260313_000001.tar.gz to gs://home-server-ss/bitwarden-backups/vaultwarden-data_20260313_000001.tar.gz
Copying file:///home/shampad/Desktop/projects/bitwarden-password-manager/backups/vaultwarden-data_20260313_000001.tar.gz to gs://home-server-ss/bitwarden-backups/vaultwarden-data_20260313_000001.tar.gz
  
.....
[2026-03-13 00:00:06] Upload successful
[2026-03-13 00:00:06] Checking backups for cleanup (retention: 7 days)
[2026-03-13 00:00:07] Total backups in GCS: 28
[2026-03-13 00:00:07] Cleaning up backups older than 7 days
[2026-03-13 00:00:09] Backup routine completed successfully
[2026-03-14 00:00:01] Triggering Vaultwarden in-container backup
[INFO] Using saved config from `data/config.json` for configuration.

[WARNING] The following environment variables are being overridden by the config.json file.
[WARNING] Please use the admin panel to make changes to them:
[WARNING] DOMAIN, ADMIN_TOKEN

[NOTICE] You are using a plain text `ADMIN_TOKEN` which is insecure.
Please generate a secure Argon2 PHC string by using `vaultwarden hash` or `argon2`.
See: https://github.com/dani-garcia/vaultwarden/wiki/Enabling-admin-page#secure-the-admin_token

Backup to 'data/db_20260313_170001.sqlite3' was successful
[2026-03-14 00:00:01] Detected 1 new backup artefact(s)
[2026-03-14 00:00:01] Copying db_20260313_170001.sqlite3 to local backup dir
[2026-03-14 00:00:01] Archiving /mnt/ssd/nas/bitwarden-data/vaultwarden -> vaultwarden-data_20260314_000001.tar.gz
[2026-03-14 00:00:02] Pruning local backups older than 7 day(s)
/home/shampad/Desktop/projects/bitwarden-password-manager/backups/db_20260305_170001.sqlite3
/home/shampad/Desktop/projects/bitwarden-password-manager/backups/vaultwarden-data_20260305_000001.tar.gz
/home/shampad/Desktop/projects/bitwarden-password-manager/backups/vaultwarden-data_20260306_000001.tar.gz
[2026-03-14 00:00:02] Running remote sync command
[2026-03-14 00:00:02] Authenticating with service account
Activated service account credentials for: [gcs-782@home-server-475704.iam.gserviceaccount.com]
[2026-03-14 00:00:03] Uploading /home/shampad/Desktop/projects/bitwarden-password-manager/backups/vaultwarden-data_20260314_000001.tar.gz to gs://home-server-ss/bitwarden-backups/vaultwarden-data_20260314_000001.tar.gz
Copying file:///home/shampad/Desktop/projects/bitwarden-password-manager/backups/vaultwarden-data_20260314_000001.tar.gz to gs://home-server-ss/bitwarden-backups/vaultwarden-data_20260314_000001.tar.gz
  
......
[2026-03-14 00:00:06] Upload successful
[2026-03-14 00:00:06] Checking backups for cleanup (retention: 7 days)
[2026-03-14 00:00:07] Total backups in GCS: 29
[2026-03-14 00:00:07] Cleaning up backups older than 7 days
[2026-03-14 00:00:09] Backup routine completed successfully
[2026-03-15 00:00:01] Triggering Vaultwarden in-container backup
[INFO] Using saved config from `data/config.json` for configuration.

[WARNING] The following environment variables are being overridden by the config.json file.
[WARNING] Please use the admin panel to make changes to them:
[WARNING] DOMAIN, ADMIN_TOKEN

[NOTICE] You are using a plain text `ADMIN_TOKEN` which is insecure.
Please generate a secure Argon2 PHC string by using `vaultwarden hash` or `argon2`.
See: https://github.com/dani-garcia/vaultwarden/wiki/Enabling-admin-page#secure-the-admin_token

Backup to 'data/db_20260314_170001.sqlite3' was successful
[2026-03-15 00:00:01] Detected 1 new backup artefact(s)
[2026-03-15 00:00:01] Copying db_20260314_170001.sqlite3 to local backup dir
[2026-03-15 00:00:01] Archiving /mnt/ssd/nas/bitwarden-data/vaultwarden -> vaultwarden-data_20260315_000001.tar.gz
[2026-03-15 00:00:02] Pruning local backups older than 7 day(s)
/home/shampad/Desktop/projects/bitwarden-password-manager/backups/db_20260306_170001.sqlite3
/home/shampad/Desktop/projects/bitwarden-password-manager/backups/vaultwarden-data_20260307_000001.tar.gz
[2026-03-15 00:00:02] Running remote sync command
[2026-03-15 00:00:02] Authenticating with service account
Activated service account credentials for: [gcs-782@home-server-475704.iam.gserviceaccount.com]
[2026-03-15 00:00:03] Uploading /home/shampad/Desktop/projects/bitwarden-password-manager/backups/vaultwarden-data_20260315_000001.tar.gz to gs://home-server-ss/bitwarden-backups/vaultwarden-data_20260315_000001.tar.gz
Copying file:///home/shampad/Desktop/projects/bitwarden-password-manager/backups/vaultwarden-data_20260315_000001.tar.gz to gs://home-server-ss/bitwarden-backups/vaultwarden-data_20260315_000001.tar.gz
  
.....
[2026-03-15 00:00:06] Upload successful
[2026-03-15 00:00:06] Checking backups for cleanup (retention: 7 days)
[2026-03-15 00:00:07] Total backups in GCS: 30
[2026-03-15 00:00:07] Cleaning up backups older than 7 days
[2026-03-15 00:00:08] Backup routine completed successfully
[2026-03-16 00:00:01] Triggering Vaultwarden in-container backup
[INFO] Using saved config from `data/config.json` for configuration.

[WARNING] The following environment variables are being overridden by the config.json file.
[WARNING] Please use the admin panel to make changes to them:
[WARNING] DOMAIN, ADMIN_TOKEN

[NOTICE] You are using a plain text `ADMIN_TOKEN` which is insecure.
Please generate a secure Argon2 PHC string by using `vaultwarden hash` or `argon2`.
See: https://github.com/dani-garcia/vaultwarden/wiki/Enabling-admin-page#secure-the-admin_token

Backup to 'data/db_20260315_170002.sqlite3' was successful
[2026-03-16 00:00:02] Detected 1 new backup artefact(s)
[2026-03-16 00:00:02] Copying db_20260315_170002.sqlite3 to local backup dir
[2026-03-16 00:00:02] Archiving /mnt/ssd/nas/bitwarden-data/vaultwarden -> vaultwarden-data_20260316_000002.tar.gz
[2026-03-16 00:00:02] Pruning local backups older than 7 day(s)
/home/shampad/Desktop/projects/bitwarden-password-manager/backups/db_20260307_170001.sqlite3
/home/shampad/Desktop/projects/bitwarden-password-manager/backups/vaultwarden-data_20260308_000001.tar.gz
[2026-03-16 00:00:02] Running remote sync command
[2026-03-16 00:00:02] Authenticating with service account
Activated service account credentials for: [gcs-782@home-server-475704.iam.gserviceaccount.com]
[2026-03-16 00:00:04] Uploading /home/shampad/Desktop/projects/bitwarden-password-manager/backups/vaultwarden-data_20260316_000002.tar.gz to gs://home-server-ss/bitwarden-backups/vaultwarden-data_20260316_000002.tar.gz
Copying file:///home/shampad/Desktop/projects/bitwarden-password-manager/backups/vaultwarden-data_20260316_000002.tar.gz to gs://home-server-ss/bitwarden-backups/vaultwarden-data_20260316_000002.tar.gz
  
.....
[2026-03-16 00:00:06] Upload successful
[2026-03-16 00:00:06] Checking backups for cleanup (retention: 7 days)
[2026-03-16 00:00:07] Total backups in GCS: 31
[2026-03-16 00:00:07] Cleaning up backups older than 7 days
[2026-03-16 00:00:09] Backup routine completed successfully
[2026-03-17 00:00:02] Triggering Vaultwarden in-container backup
[INFO] Using saved config from `data/config.json` for configuration.

[WARNING] The following environment variables are being overridden by the config.json file.
[WARNING] Please use the admin panel to make changes to them:
[WARNING] DOMAIN, ADMIN_TOKEN

[NOTICE] You are using a plain text `ADMIN_TOKEN` which is insecure.
Please generate a secure Argon2 PHC string by using `vaultwarden hash` or `argon2`.
See: https://github.com/dani-garcia/vaultwarden/wiki/Enabling-admin-page#secure-the-admin_token

Backup to 'data/db_20260316_170002.sqlite3' was successful
[2026-03-17 00:00:02] Detected 1 new backup artefact(s)
[2026-03-17 00:00:02] Copying db_20260316_170002.sqlite3 to local backup dir
[2026-03-17 00:00:02] Archiving /mnt/ssd/nas/bitwarden-data/vaultwarden -> vaultwarden-data_20260317_000002.tar.gz
[2026-03-17 00:00:02] Pruning local backups older than 7 day(s)
/home/shampad/Desktop/projects/bitwarden-password-manager/backups/db_20260308_170001.sqlite3
/home/shampad/Desktop/projects/bitwarden-password-manager/backups/vaultwarden-data_20260309_000001.tar.gz
[2026-03-17 00:00:02] Running remote sync command
[2026-03-17 00:00:02] Authenticating with service account
Activated service account credentials for: [gcs-782@home-server-475704.iam.gserviceaccount.com]
[2026-03-17 00:00:04] Uploading /home/shampad/Desktop/projects/bitwarden-password-manager/backups/vaultwarden-data_20260317_000002.tar.gz to gs://home-server-ss/bitwarden-backups/vaultwarden-data_20260317_000002.tar.gz
Copying file:///home/shampad/Desktop/projects/bitwarden-password-manager/backups/vaultwarden-data_20260317_000002.tar.gz to gs://home-server-ss/bitwarden-backups/vaultwarden-data_20260317_000002.tar.gz
  
......
[2026-03-17 00:00:06] Upload successful
[2026-03-17 00:00:06] Checking backups for cleanup (retention: 7 days)
[2026-03-17 00:00:08] Total backups in GCS: 32
[2026-03-17 00:00:08] Cleaning up backups older than 7 days
[2026-03-17 00:00:09] Backup routine completed successfully
[2026-03-18 00:00:02] Triggering Vaultwarden in-container backup
[INFO] Using saved config from `data/config.json` for configuration.

[WARNING] The following environment variables are being overridden by the config.json file.
[WARNING] Please use the admin panel to make changes to them:
[WARNING] DOMAIN, ADMIN_TOKEN

[NOTICE] You are using a plain text `ADMIN_TOKEN` which is insecure.
Please generate a secure Argon2 PHC string by using `vaultwarden hash` or `argon2`.
See: https://github.com/dani-garcia/vaultwarden/wiki/Enabling-admin-page#secure-the-admin_token

Backup to 'data/db_20260317_170002.sqlite3' was successful
[2026-03-18 00:00:02] Detected 1 new backup artefact(s)
[2026-03-18 00:00:02] Copying db_20260317_170002.sqlite3 to local backup dir
[2026-03-18 00:00:02] Archiving /mnt/ssd/nas/bitwarden-data/vaultwarden -> vaultwarden-data_20260318_000002.tar.gz
[2026-03-18 00:00:02] Pruning local backups older than 7 day(s)
/home/shampad/Desktop/projects/bitwarden-password-manager/backups/db_20260309_170001.sqlite3
/home/shampad/Desktop/projects/bitwarden-password-manager/backups/vaultwarden-data_20260310_000001.tar.gz
[2026-03-18 00:00:02] Running remote sync command
[2026-03-18 00:00:02] Authenticating with service account
Activated service account credentials for: [gcs-782@home-server-475704.iam.gserviceaccount.com]
[2026-03-18 00:00:04] Uploading /home/shampad/Desktop/projects/bitwarden-password-manager/backups/vaultwarden-data_20260318_000002.tar.gz to gs://home-server-ss/bitwarden-backups/vaultwarden-data_20260318_000002.tar.gz
Copying file:///home/shampad/Desktop/projects/bitwarden-password-manager/backups/vaultwarden-data_20260318_000002.tar.gz to gs://home-server-ss/bitwarden-backups/vaultwarden-data_20260318_000002.tar.gz
  
......
[2026-03-18 00:00:06] Upload successful
[2026-03-18 00:00:06] Checking backups for cleanup (retention: 7 days)
[2026-03-18 00:00:08] Total backups in GCS: 33
[2026-03-18 00:00:08] Cleaning up backups older than 7 days
[2026-03-18 00:00:09] Backup routine completed successfully
[2026-03-19 00:00:01] Triggering Vaultwarden in-container backup
[INFO] Using saved config from `data/config.json` for configuration.

[WARNING] The following environment variables are being overridden by the config.json file.
[WARNING] Please use the admin panel to make changes to them:
[WARNING] DOMAIN, ADMIN_TOKEN

[NOTICE] You are using a plain text `ADMIN_TOKEN` which is insecure.
Please generate a secure Argon2 PHC string by using `vaultwarden hash` or `argon2`.
See: https://github.com/dani-garcia/vaultwarden/wiki/Enabling-admin-page#secure-the-admin_token

Backup to 'data/db_20260318_170001.sqlite3' was successful
[2026-03-19 00:00:01] Detected 1 new backup artefact(s)
[2026-03-19 00:00:01] Copying db_20260318_170001.sqlite3 to local backup dir
[2026-03-19 00:00:01] Archiving /mnt/ssd/nas/bitwarden-data/vaultwarden -> vaultwarden-data_20260319_000001.tar.gz
[2026-03-19 00:00:02] Pruning local backups older than 7 day(s)
[2026-03-19 00:00:02] Running remote sync command
[2026-03-19 00:00:02] Authenticating with service account
Activated service account credentials for: [gcs-782@home-server-475704.iam.gserviceaccount.com]
[2026-03-19 00:00:03] Uploading /home/shampad/Desktop/projects/bitwarden-password-manager/backups/vaultwarden-data_20260319_000001.tar.gz to gs://home-server-ss/bitwarden-backups/vaultwarden-data_20260319_000001.tar.gz
Copying file:///home/shampad/Desktop/projects/bitwarden-password-manager/backups/vaultwarden-data_20260319_000001.tar.gz to gs://home-server-ss/bitwarden-backups/vaultwarden-data_20260319_000001.tar.gz
  
......
[2026-03-19 00:00:06] Upload successful
[2026-03-19 00:00:06] Checking backups for cleanup (retention: 7 days)
[2026-03-19 00:00:07] Total backups in GCS: 34
[2026-03-19 00:00:07] Cleaning up backups older than 7 days
[2026-03-19 00:00:08] Backup routine completed successfully
[2026-03-20 00:00:01] Triggering Vaultwarden in-container backup
[INFO] Using saved config from `data/config.json` for configuration.

[WARNING] The following environment variables are being overridden by the config.json file.
[WARNING] Please use the admin panel to make changes to them:
[WARNING] DOMAIN, ADMIN_TOKEN

[NOTICE] You are using a plain text `ADMIN_TOKEN` which is insecure.
Please generate a secure Argon2 PHC string by using `vaultwarden hash` or `argon2`.
See: https://github.com/dani-garcia/vaultwarden/wiki/Enabling-admin-page#secure-the-admin_token

Backup to 'data/db_20260319_170001.sqlite3' was successful
[2026-03-20 00:00:01] Detected 1 new backup artefact(s)
[2026-03-20 00:00:01] Copying db_20260319_170001.sqlite3 to local backup dir
[2026-03-20 00:00:01] Archiving /mnt/ssd/nas/bitwarden-data/vaultwarden -> vaultwarden-data_20260320_000001.tar.gz
[2026-03-20 00:00:02] Pruning local backups older than 7 day(s)
/home/shampad/Desktop/projects/bitwarden-password-manager/backups/db_20260310_170002.sqlite3
/home/shampad/Desktop/projects/bitwarden-password-manager/backups/db_20260311_170001.sqlite3
/home/shampad/Desktop/projects/bitwarden-password-manager/backups/vaultwarden-data_20260311_000002.tar.gz
[2026-03-20 00:00:02] Running remote sync command
[2026-03-20 00:00:02] Authenticating with service account
Activated service account credentials for: [gcs-782@home-server-475704.iam.gserviceaccount.com]
[2026-03-20 00:00:03] Uploading /home/shampad/Desktop/projects/bitwarden-password-manager/backups/vaultwarden-data_20260320_000001.tar.gz to gs://home-server-ss/bitwarden-backups/vaultwarden-data_20260320_000001.tar.gz
Copying file:///home/shampad/Desktop/projects/bitwarden-password-manager/backups/vaultwarden-data_20260320_000001.tar.gz to gs://home-server-ss/bitwarden-backups/vaultwarden-data_20260320_000001.tar.gz
  
...............
[2026-03-20 00:00:08] Upload successful
[2026-03-20 00:00:08] Checking backups for cleanup (retention: 7 days)
[2026-03-20 00:00:09] Total backups in GCS: 35
[2026-03-20 00:00:09] Cleaning up backups older than 7 days
[2026-03-20 00:00:10] Backup routine completed successfully
[2026-03-21 00:00:01] Triggering Vaultwarden in-container backup
[INFO] Using saved config from `data/config.json` for configuration.

[WARNING] The following environment variables are being overridden by the config.json file.
[WARNING] Please use the admin panel to make changes to them:
[WARNING] DOMAIN, ADMIN_TOKEN

[NOTICE] You are using a plain text `ADMIN_TOKEN` which is insecure.
Please generate a secure Argon2 PHC string by using `vaultwarden hash` or `argon2`.
See: https://github.com/dani-garcia/vaultwarden/wiki/Enabling-admin-page#secure-the-admin_token

Backup to 'data/db_20260320_170001.sqlite3' was successful
[2026-03-21 00:00:01] Detected 1 new backup artefact(s)
[2026-03-21 00:00:01] Copying db_20260320_170001.sqlite3 to local backup dir
[2026-03-21 00:00:01] Archiving /mnt/ssd/nas/bitwarden-data/vaultwarden -> vaultwarden-data_20260321_000001.tar.gz
[2026-03-21 00:00:02] Pruning local backups older than 7 day(s)
/home/shampad/Desktop/projects/bitwarden-password-manager/backups/db_20260312_170001.sqlite3
/home/shampad/Desktop/projects/bitwarden-password-manager/backups/vaultwarden-data_20260312_000001.tar.gz
/home/shampad/Desktop/projects/bitwarden-password-manager/backups/vaultwarden-data_20260313_000001.tar.gz
[2026-03-21 00:00:02] Running remote sync command
[2026-03-21 00:00:02] Authenticating with service account
Activated service account credentials for: [gcs-782@home-server-475704.iam.gserviceaccount.com]
[2026-03-21 00:00:03] Uploading /home/shampad/Desktop/projects/bitwarden-password-manager/backups/vaultwarden-data_20260321_000001.tar.gz to gs://home-server-ss/bitwarden-backups/vaultwarden-data_20260321_000001.tar.gz
Copying file:///home/shampad/Desktop/projects/bitwarden-password-manager/backups/vaultwarden-data_20260321_000001.tar.gz to gs://home-server-ss/bitwarden-backups/vaultwarden-data_20260321_000001.tar.gz
  
................
[2026-03-21 00:00:10] Upload successful
[2026-03-21 00:00:10] Checking backups for cleanup (retention: 7 days)
[2026-03-21 00:00:12] Total backups in GCS: 36
[2026-03-21 00:00:12] Cleaning up backups older than 7 days
[2026-03-21 00:00:13] Backup routine completed successfully
[2026-03-22 00:00:01] Triggering Vaultwarden in-container backup
[INFO] Using saved config from `data/config.json` for configuration.

[WARNING] The following environment variables are being overridden by the config.json file.
[WARNING] Please use the admin panel to make changes to them:
[WARNING] DOMAIN, ADMIN_TOKEN

[NOTICE] You are using a plain text `ADMIN_TOKEN` which is insecure.
Please generate a secure Argon2 PHC string by using `vaultwarden hash` or `argon2`.
See: https://github.com/dani-garcia/vaultwarden/wiki/Enabling-admin-page#secure-the-admin_token

Backup to 'data/db_20260321_170001.sqlite3' was successful
[2026-03-22 00:00:01] Detected 1 new backup artefact(s)
[2026-03-22 00:00:01] Copying db_20260321_170001.sqlite3 to local backup dir
[2026-03-22 00:00:01] Archiving /mnt/ssd/nas/bitwarden-data/vaultwarden -> vaultwarden-data_20260322_000001.tar.gz
[2026-03-22 00:00:02] Pruning local backups older than 7 day(s)
/home/shampad/Desktop/projects/bitwarden-password-manager/backups/db_20260313_170001.sqlite3
/home/shampad/Desktop/projects/bitwarden-password-manager/backups/vaultwarden-data_20260314_000001.tar.gz
[2026-03-22 00:00:02] Running remote sync command
[2026-03-22 00:00:02] Authenticating with service account
Activated service account credentials for: [gcs-782@home-server-475704.iam.gserviceaccount.com]
[2026-03-22 00:00:04] Uploading /home/shampad/Desktop/projects/bitwarden-password-manager/backups/vaultwarden-data_20260322_000001.tar.gz to gs://home-server-ss/bitwarden-backups/vaultwarden-data_20260322_000001.tar.gz
Copying file:///home/shampad/Desktop/projects/bitwarden-password-manager/backups/vaultwarden-data_20260322_000001.tar.gz to gs://home-server-ss/bitwarden-backups/vaultwarden-data_20260322_000001.tar.gz
  
......
[2026-03-22 00:00:07] Upload successful
[2026-03-22 00:00:07] Checking backups for cleanup (retention: 7 days)
[2026-03-22 00:00:08] Total backups in GCS: 37
[2026-03-22 00:00:08] Cleaning up backups older than 7 days
[2026-03-22 00:00:10] Backup routine completed successfully
[2026-03-23 00:00:01] Triggering Vaultwarden in-container backup
[INFO] Using saved config from `data/config.json` for configuration.

[WARNING] The following environment variables are being overridden by the config.json file.
[WARNING] Please use the admin panel to make changes to them:
[WARNING] DOMAIN, ADMIN_TOKEN

[NOTICE] You are using a plain text `ADMIN_TOKEN` which is insecure.
Please generate a secure Argon2 PHC string by using `vaultwarden hash` or `argon2`.
See: https://github.com/dani-garcia/vaultwarden/wiki/Enabling-admin-page#secure-the-admin_token

Backup to 'data/db_20260322_170001.sqlite3' was successful
[2026-03-23 00:00:01] Detected 1 new backup artefact(s)
[2026-03-23 00:00:01] Copying db_20260322_170001.sqlite3 to local backup dir
[2026-03-23 00:00:01] Archiving /mnt/ssd/nas/bitwarden-data/vaultwarden -> vaultwarden-data_20260323_000001.tar.gz
[2026-03-23 00:00:02] Pruning local backups older than 7 day(s)
/home/shampad/Desktop/projects/bitwarden-password-manager/backups/db_20260314_170001.sqlite3
/home/shampad/Desktop/projects/bitwarden-password-manager/backups/vaultwarden-data_20260315_000001.tar.gz
[2026-03-23 00:00:02] Running remote sync command
[2026-03-23 00:00:02] Authenticating with service account
Activated service account credentials for: [gcs-782@home-server-475704.iam.gserviceaccount.com]
[2026-03-23 00:00:03] Uploading /home/shampad/Desktop/projects/bitwarden-password-manager/backups/vaultwarden-data_20260323_000001.tar.gz to gs://home-server-ss/bitwarden-backups/vaultwarden-data_20260323_000001.tar.gz
Copying file:///home/shampad/Desktop/projects/bitwarden-password-manager/backups/vaultwarden-data_20260323_000001.tar.gz to gs://home-server-ss/bitwarden-backups/vaultwarden-data_20260323_000001.tar.gz
  
.......
[2026-03-23 00:00:08] Upload successful
[2026-03-23 00:00:08] Checking backups for cleanup (retention: 7 days)
[2026-03-23 00:00:09] Total backups in GCS: 38
[2026-03-23 00:00:09] Cleaning up backups older than 7 days
[2026-03-23 00:00:11] Backup routine completed successfully
[2026-09-24 18:13:45] Triggering Vaultwarden in-container backup
[INFO] Using saved config from `data/config.json` for configuration.

[WARNING] The following environment variables are being overridden by the config.json file.
[WARNING] Please use the admin panel to make changes to them:
[WARNING] DOMAIN, SIGNUPS_ALLOWED, IP_HEADER

[NOTICE] You are using a plain text `ADMIN_TOKEN` which is insecure.
Please generate a secure Argon2 PHC string by using `vaultwarden hash` or `argon2`.
See: https://github.com/dani-garcia/vaultwarden/wiki/Enabling-admin-page#secure-the-admin_token

Backup to 'data/db_20260924_121345.sqlite3' was successful
[2026-09-24 18:13:45] Detected 1 new backup artefact(s)
[2026-09-24 18:13:45] Copying db_20260924_121345.sqlite3 to local backup dir
[2026-09-24 18:13:45] Removing snapshot db_20260924_121345.sqlite3 from live data dir
[2026-09-24 18:13:45] Archiving /home/shampad/bitwarden-data/vaultwarden -> vaultwarden-data_20260924_181345.tar.gz
[2026-09-24 18:13:45] Running remote sync command
[2026-09-24 18:13:45] Authenticating with service account: /home/shampad/Desktop/projects/bitwarden-password-manager/env/service_account.json
Activated service account credentials for: [gcs-782@home-server-475704.iam.gserviceaccount.com]
[2026-09-24 18:13:46] Uploading /home/shampad/Desktop/projects/bitwarden-password-manager/backups/vaultwarden-data_20260924_181345.tar.gz to gs://home-server-ss/bitwarden-backups/vaultwarden-data_20260924_181345.tar.gz
Copying file:///home/shampad/Desktop/projects/bitwarden-password-manager/backups/vaultwarden-data_20260924_181345.tar.gz to gs://home-server-ss/bitwarden-backups/vaultwarden-data_20260924_181345.tar.gz
  
........
[2026-09-24 18:13:51] Upload successful
[2026-09-24 18:13:51] Checking backups for cleanup (daily: 30d, monthly: 12mo)
[2026-09-24 18:13:53] Total backups in GCS: 8
[2026-09-24 18:13:53] Daily window back to: 20260825, Monthly archive back to: 20250924
[2026-09-24 18:13:53] Pruning local backups older than 7 day(s)
[2026-09-24 18:13:53] Backup routine completed successfully
